date,Invesco USTB,Ethena USDtb,Re,Huma,Anemoy Capital,OnRe,OpenTrade,USD AI,Plume Vaults,RealT Tokens,R25,Theo Network thUSD,Valos,Frax USD,Lofty
2021-11-02,0,0,0,0,0,0,0,0,0,23888182,0,0,0,0,0
2021-11-03,0,0,0,0,0,0,0,0,0,23930540,0,0,0,0,0
2021-11-04,0,0,0,0,0,0,0,0,0,23862840,0,0,0,0,0
2021-11-05,0,0,0,0,0,0,0,0,0,23930540,0,0,0,0,0
2021-11-06,0,0,0,0,0,0,0,0,0,23930540,0,0,0,0,0
2021-11-07,0,0,0,0,0,0,0,0,0,24169845,0,0,0,0,0
2021-11-08,0,0,0,0,0,0,0,0,0,23930540,0,0,0,0,0
2021-11-09,0,0,0,0,0,0,0,0,0,23930540,0,0,0,0,0
2021-11-10,0,0,0,0,0,0,0,0,0,23906394,0,0,0,0,0
2021-11-11,0,0,0,0,0,0,0,0,0,24836826,0,0,0,0,0
2021-11-12,0,0,0,0,0,0,0,0,0,24836826,0,0,0,0,0
2021-11-13,0,0,0,0,0,0,0,0,0,24836826,0,0,0,0,0
2021-11-14,0,0,0,0,0,0,0,0,0,24836826,0,0,0,0,0
2021-11-15,0,0,0,0,0,0,0,0,0,24836826,0,0,0,0,0
2021-11-16,0,0,0,0,0,0,0,0,0,24836826,0,0,0,0,0
2021-11-17,0,0,0,0,0,0,0,0,0,24836826,0,0,0,0,0
2021-11-18,0,0,0,0,0,0,0,0,0,24836826,0,0,0,0,0
2021-11-19,0,0,0,0,0,0,0,0,0,24836826,0,0,0,0,0
2021-11-20,0,0,0,0,0,0,0,0,0,25085194,0,0,0,0,0
2021-11-21,0,0,0,0,0,0,0,0,0,25085194,0,0,0,0,0
2021-11-22,0,0,0,0,0,0,0,0,0,24836826,0,0,0,0,0
2021-11-23,0,0,0,0,0,0,0,0,0,24944868,0,0,0,0,0
2021-11-24,0,0,0,0,0,0,0,0,0,24944868,0,0,0,0,0
2021-11-25,0,0,0,0,0,0,0,0,0,24944868,0,0,0,0,0
2021-11-26,0,0,0,0,0,0,0,0,0,26209798,0,0,0,0,0
2021-11-27,0,0,0,0,0,0,0,0,0,26167102,0,0,0,0,0
2021-11-28,0,0,0,0,0,0,0,0,0,26209798,0,0,0,0,0
2021-11-29,0,0,0,0,0,0,0,0,0,26208539,0,0,0,0,0
2021-11-30,0,0,0,0,0,0,0,0,0,26132872,0,0,0,0,0
2021-12-01,0,0,0,0,0,0,0,0,0,26150459,0,0,0,0,0
2021-12-02,0,0,0,0,0,0,0,0,0,26209798,0,0,0,0,0
2021-12-03,0,0,0,0,0,0,0,0,0,26402502,0,0,0,0,0
2021-12-04,0,0,0,0,0,0,0,0,0,26411700,0,0,0,0,0
2021-12-05,0,0,0,0,0,0,0,0,0,26383338,0,0,0,0,0
2021-12-06,0,0,0,0,0,0,0,0,0,26332983,0,0,0,0,0
2021-12-07,0,0,0,0,0,0,0,0,0,26432953,0,0,0,0,0
2021-12-08,0,0,0,0,0,0,0,0,0,27233700,0,0,0,0,0
2021-12-09,0,0,0,0,0,0,0,0,0,27687530,0,0,0,0,0
2021-12-10,0,0,0,0,0,0,0,0,0,27670751,0,0,0,0,0
2021-12-11,0,0,0,0,0,0,0,0,0,27579936,0,0,0,0,0
2021-12-12,0,0,0,0,0,0,0,0,0,27677230,0,0,0,0,0
2021-12-13,0,0,0,0,0,0,0,0,0,27625565,0,0,0,0,0
2021-12-14,0,0,0,0,0,0,0,0,0,27643146,0,0,0,0,0
2021-12-15,0,0,0,0,0,0,0,0,0,27687530,0,0,0,0,0
2021-12-16,0,0,0,0,0,0,0,0,0,27686367,0,0,0,0,0
2021-12-17,0,0,0,0,0,0,0,0,0,28227484,0,0,0,0,0
2021-12-18,0,0,0,0,0,0,0,0,0,28230590,0,0,0,0,0
2021-12-19,0,0,0,0,0,0,0,0,0,28230590,0,0,0,0,0
2021-12-20,0,0,0,0,0,0,0,0,0,28230590,0,0,0,0,0
2021-12-21,0,0,0,0,0,0,0,0,0,28230590,0,0,0,0,0
2021-12-22,0,0,0,0,0,0,0,0,0,28230590,0,0,0,0,0
2021-12-23,0,0,0,0,0,0,0,0,0,28512895,0,0,0,0,0
2021-12-24,0,0,0,0,0,0,0,0,0,28230590,0,0,0,0,0
2021-12-25,0,0,0,0,0,0,0,0,0,28230590,0,0,0,0,0
2021-12-26,0,0,0,0,0,0,0,0,0,28230590,0,0,0,0,0
2021-12-27,0,0,0,0,0,0,0,0,0,28212635,0,0,0,0,0
2021-12-28,0,0,0,0,0,0,0,0,0,28789362,0,0,0,0,0
2021-12-29,0,0,0,0,0,0,0,0,0,28968037,0,0,0,0,0
2021-12-30,0,0,0,0,0,0,0,0,0,28937041,0,0,0,0,0
2021-12-31,0,0,0,0,0,0,0,0,0,28937881,0,0,0,0,0
2022-01-01,0,0,0,0,0,0,0,0,0,28968037,0,0,0,0,0
2022-01-02,0,0,0,0,0,0,0,0,0,28968037,0,0,0,0,0
2022-01-03,0,0,0,0,0,0,0,0,0,28968037,0,0,0,0,0
2022-01-04,0,0,0,0,0,0,0,0,0,28974454,0,0,0,0,0
2022-01-05,0,0,0,0,0,0,0,0,0,28987412,0,0,0,0,0
2022-01-06,0,0,0,0,0,0,0,0,0,28987412,0,0,0,0,0
2022-01-07,0,0,0,0,0,0,0,0,0,28987412,0,0,0,0,0
2022-01-08,0,0,0,0,0,0,0,0,0,28987412,0,0,0,0,0
2022-01-09,0,0,0,0,0,0,0,0,0,28987412,0,0,0,0,0
2022-01-10,0,0,0,0,0,0,0,0,0,31247161,0,0,0,0,0
2022-01-11,0,0,0,0,0,0,0,0,0,31301532,0,0,0,0,0
2022-01-12,0,0,0,0,0,0,0,0,0,31280998,0,0,0,0,0
2022-01-13,0,0,0,0,0,0,0,0,0,31301532,0,0,0,0,0
2022-01-14,0,0,0,0,0,0,0,0,0,31301532,0,0,0,0,0
2022-01-15,0,0,0,0,0,0,0,0,0,31301532,0,0,0,0,0
2022-01-16,0,0,0,0,0,0,0,0,0,31301532,0,0,0,0,0
2022-01-17,0,0,0,0,0,0,0,0,0,31301532,0,0,0,0,0
2022-01-18,0,0,0,0,0,0,0,0,0,31301532,0,0,0,0,0
2022-01-19,0,0,0,0,0,0,0,0,0,31301532,0,0,0,0,0
2022-01-20,0,0,0,0,0,0,0,0,0,31332426,0,0,0,0,0
2022-01-21,0,0,0,0,0,0,0,0,0,31332426,0,0,0,0,0
2022-01-22,0,0,0,0,0,0,0,0,0,31262523,0,0,0,0,0
2022-01-23,0,0,0,0,0,0,0,0,0,31332426,0,0,0,0,0
2022-01-24,0,0,0,0,0,0,0,0,0,31332426,0,0,0,0,0
2022-01-25,0,0,0,0,0,0,0,0,0,31265719,0,0,0,0,0
2022-01-26,0,0,0,0,0,0,0,0,0,31247640,0,0,0,0,0
2022-01-27,0,0,0,0,0,0,0,0,0,31332426,0,0,0,0,0
2022-01-28,0,0,0,0,0,0,0,0,0,33216756,0,0,0,0,0
2022-01-29,0,0,0,0,0,0,0,0,0,33214729,0,0,0,0,0
2022-01-30,0,0,0,0,0,0,0,0,0,33216756,0,0,0,0,0
2022-01-31,0,0,0,0,0,0,0,0,0,33216756,0,0,0,0,0
2022-02-01,0,0,0,0,0,0,0,0,0,33180250,0,0,0,0,0
2022-02-02,0,0,0,0,0,0,0,0,0,33216756,0,0,0,0,0
2022-02-03,0,0,0,0,0,0,0,0,0,33216756,0,0,0,0,0
2022-02-04,0,0,0,0,0,0,0,0,0,33201575,0,0,0,0,0
2022-02-05,0,0,0,0,0,0,0,0,0,33548923,0,0,0,0,0
2022-02-06,0,0,0,0,0,0,0,0,0,33216756,0,0,0,0,0
2022-02-07,0,0,0,0,0,0,0,0,0,33216756,0,0,0,0,0
2022-02-08,0,0,0,0,0,0,0,0,0,33216025,0,0,0,0,0
2022-02-09,0,0,0,0,0,0,0,0,0,33216756,0,0,0,0,0
2022-02-10,0,0,0,0,0,0,0,0,0,33216756,0,0,0,0,0
2022-02-11,0,0,0,0,0,0,0,0,0,33444996,0,0,0,0,0
2022-02-12,0,0,0,0,0,0,0,0,0,33430480,0,0,0,0,0
2022-02-13,0,0,0,0,0,0,0,0,0,33478440,0,0,0,0,0
2022-02-14,0,0,0,0,0,0,0,0,0,33511885,0,0,0,0,0
2022-02-15,0,0,0,0,0,0,0,0,0,33478440,0,0,0,0,0
2022-02-16,0,0,0,0,0,0,0,0,0,33468108,0,0,0,0,0
2022-02-17,0,0,0,0,0,0,0,0,0,33468108,0,0,0,0,0
2022-02-18,0,0,0,0,0,0,0,0,0,33456661,0,0,0,0,0
2022-02-19,0,0,0,0,0,0,0,0,0,34124047,0,0,0,0,0
2022-02-20,0,0,0,0,0,0,0,0,0,34158137,0,0,0,0,0
2022-02-21,0,0,0,0,0,0,0,0,0,34089958,0,0,0,0,0
2022-02-22,0,0,0,0,0,0,0,0,0,34158137,0,0,0,0,0
2022-02-23,0,0,0,0,0,0,0,0,0,34080480,0,0,0,0,0
2022-02-24,0,0,0,0,0,0,0,0,0,34089958,0,0,0,0,0
2022-02-25,0,0,0,0,0,0,0,0,0,34124047,0,0,0,0,0
2022-02-26,0,0,0,0,0,0,0,0,0,35926263,0,0,0,0,0
2022-02-27,0,0,0,0,0,0,0,0,0,36007379,0,0,0,0,0
2022-02-28,0,0,0,0,0,0,0,0,0,36202959,0,0,0,0,0
2022-03-01,0,0,0,0,0,0,0,0,0,36125220,0,0,0,0,0
2022-03-02,0,0,0,0,0,0,0,0,0,36167819,0,0,0,0,0
2022-03-03,0,0,0,0,0,0,0,0,0,36115320,0,0,0,0,0
2022-03-04,0,0,0,0,0,0,0,0,0,36246459,0,0,0,0,0
2022-03-05,0,0,0,0,0,0,0,0,0,36174183,0,0,0,0,0
2022-03-06,0,0,0,0,0,0,0,0,0,36174183,0,0,0,0,0
2022-03-07,0,0,0,0,0,0,0,0,0,36174183,0,0,0,0,0
2022-03-08,0,0,0,0,0,0,0,0,0,36174183,0,0,0,0,0
2022-03-09,0,0,0,0,0,0,0,0,0,36138045,0,0,0,0,0
2022-03-10,0,0,0,0,0,0,0,0,0,36174183,0,0,0,0,0
2022-03-11,0,0,0,0,0,0,0,0,0,38124097,0,0,0,0,0
2022-03-12,0,0,0,0,0,0,0,0,0,38122877,0,0,0,0,0
2022-03-13,0,0,0,0,0,0,0,0,0,38175697,0,0,0,0,0
2022-03-14,0,0,0,0,0,0,0,0,0,38131381,0,0,0,0,0
2022-03-15,0,0,0,0,0,0,0,0,0,38137560,0,0,0,0,0
2022-03-16,0,0,0,0,0,0,0,0,0,38136034,0,0,0,0,0
2022-03-17,0,0,0,0,0,0,0,0,0,38110520,0,0,0,0,0
2022-03-18,0,0,0,0,0,0,0,0,0,38483948,0,0,0,0,0
2022-03-19,0,0,0,0,0,0,0,0,0,38496306,0,0,0,0,0
2022-03-20,0,0,0,0,0,0,0,0,0,38466431,0,0,0,0,0
2022-03-21,0,0,0,0,0,0,0,0,0,38490993,0,0,0,0,0
2022-03-22,0,0,0,0,0,0,0,0,0,38464891,0,0,0,0,0
2022-03-23,0,0,0,0,0,0,0,0,0,38640188,0,0,0,0,0
2022-03-24,0,0,0,0,0,0,0,0,0,39354590,0,0,0,0,0
2022-03-25,0,0,0,0,0,0,0,0,0,39321138,0,0,0,0,0
2022-03-26,0,0,0,0,0,0,0,0,0,39333417,0,0,0,0,0
2022-03-27,0,0,0,0,0,0,0,0,0,39318816,0,0,0,0,0
2022-03-28,0,0,0,0,0,0,0,0,0,39330308,0,0,0,0,0
2022-03-29,0,0,0,0,0,0,0,0,0,39252268,0,0,0,0,0
2022-03-30,0,0,0,0,0,0,0,0,0,39393944,0,0,0,0,0
2022-03-31,0,0,0,0,0,0,0,0,0,39787490,0,0,0,0,0
2022-04-01,0,0,0,0,0,0,0,0,0,40347330,0,0,0,0,0
2022-04-02,0,0,0,0,0,0,0,0,0,40267116,0,0,0,0,0
2022-04-03,0,0,0,0,0,0,0,0,0,40067265,0,0,0,0,0
2022-04-04,0,0,0,0,0,0,0,0,0,40096823,0,0,0,0,0
2022-04-05,0,0,0,0,0,0,0,0,0,40069952,0,0,0,0,0
2022-04-06,0,0,0,0,0,0,0,0,0,40056195,0,0,0,0,0
2022-04-07,0,0,0,0,0,0,0,0,0,39772039,0,0,0,0,0
2022-04-08,0,0,0,0,0,0,0,0,0,40699310,0,0,0,0,0
2022-04-09,0,0,0,0,0,0,0,0,0,40797172,0,0,0,0,0
2022-04-10,0,0,0,0,0,0,0,0,0,40724092,0,0,0,0,0
2022-04-11,0,0,0,0,0,0,0,0,0,40722704,0,0,0,0,0
2022-04-12,0,0,0,0,0,0,0,0,0,40650032,0,0,0,0,0
2022-04-13,0,0,0,0,0,0,0,0,0,40617085,0,0,0,0,0
2022-04-14,0,0,0,0,0,0,0,0,0,40867598,0,0,0,0,0
2022-04-15,0,0,0,0,0,0,0,0,0,40757080,0,0,0,0,0
2022-04-16,0,0,0,0,0,0,0,0,0,40826772,0,0,0,0,0
2022-04-17,0,0,0,0,0,0,0,0,0,40771084,0,0,0,0,0
2022-04-18,0,0,0,0,0,0,0,0,0,40789088,0,0,0,0,0
2022-04-19,0,0,0,0,0,0,0,0,0,40814401,0,0,0,0,0
2022-04-20,0,0,0,0,0,0,0,0,0,40809869,0,0,0,0,0
2022-04-21,0,0,0,0,0,0,0,0,0,40794886,0,0,0,0,0
2022-04-22,0,0,0,0,0,0,0,0,0,42110283,0,0,0,0,0
2022-04-23,0,0,0,0,0,0,0,0,0,41966763,0,0,0,0,0
2022-04-24,0,0,0,0,0,0,0,0,0,42068257,0,0,0,0,0
2022-04-25,0,0,0,0,0,0,0,0,0,42026231,0,0,0,0,0
2022-04-26,0,0,0,0,0,0,0,0,0,42068257,0,0,0,0,0
2022-04-27,0,0,0,0,0,0,0,0,0,42001141,0,0,0,0,0
2022-04-28,0,0,0,0,0,0,0,0,0,41943103,0,0,0,0,0
2022-04-29,0,0,0,0,0,0,0,0,0,42270532,0,0,0,0,0
2022-04-30,0,0,0,0,0,0,0,0,0,42144957,0,0,0,0,0
2022-05-01,0,0,0,0,0,0,0,0,0,42221749,0,0,0,0,0
2022-05-02,0,0,0,0,0,0,0,0,0,42367706,0,0,0,0,0
2022-05-03,0,0,0,0,0,0,0,0,0,42464599,0,0,0,0,0
2022-05-04,0,0,0,0,0,0,0,0,0,42396469,0,0,0,0,0
2022-05-05,0,0,0,0,0,0,0,0,0,42378270,0,0,0,0,0
2022-05-06,0,0,0,0,0,0,0,0,0,43703552,0,0,0,0,0
2022-05-07,0,0,0,0,0,0,0,0,0,43625584,0,0,0,0,0
2022-05-08,0,0,0,0,0,0,0,0,0,43563219,0,0,0,0,0
2022-05-09,0,0,0,0,0,0,0,0,0,43668938,0,0,0,0,0
2022-05-10,0,0,0,0,0,0,0,0,0,43591933,0,0,0,0,0
2022-05-11,0,0,0,0,0,0,0,0,0,45039706,0,0,0,0,0
2022-05-12,0,0,0,0,0,0,0,0,0,44904992,0,0,0,0,0
2022-05-13,0,0,0,0,0,0,0,0,0,45129516,0,0,0,0,0
2022-05-14,0,0,0,0,0,0,0,0,0,45174421,0,0,0,0,0
2022-05-15,0,0,0,0,0,0,0,0,0,45084611,0,0,0,0,0
2022-05-16,0,0,0,0,0,0,0,0,0,45084611,0,0,0,0,0
2022-05-17,0,0,0,0,0,0,0,0,0,45219326,0,0,0,0,0
2022-05-18,0,0,0,0,0,0,0,0,0,44994801,0,0,0,0,0
2022-05-19,0,0,0,0,0,0,0,0,0,45951651,0,0,0,0,0
2022-05-20,0,0,0,0,0,0,0,0,0,45905791,0,0,0,0,0
2022-05-21,0,0,0,0,0,0,0,0,0,45859932,0,0,0,0,0
2022-05-22,0,0,0,0,0,0,0,0,0,45833195,0,0,0,0,0
2022-05-23,0,0,0,0,0,0,0,0,0,46100973,0,0,0,0,0
2022-05-24,0,0,0,0,0,0,0,0,0,46055010,0,0,0,0,0
2022-05-25,0,0,0,0,0,0,0,0,0,46055010,0,0,0,0,0
2022-05-26,0,0,0,0,0,0,0,0,0,46055010,0,0,0,0,0
2022-05-27,0,0,0,0,0,0,0,0,0,45963084,0,0,0,0,0
2022-05-28,0,0,0,0,0,0,0,0,0,46009047,0,0,0,0,0
2022-05-29,0,0,0,0,0,0,0,0,0,46100973,0,0,0,0,0
2022-05-30,0,0,0,0,0,0,0,0,0,46100973,0,0,0,0,0
2022-05-31,0,0,0,0,0,0,0,0,0,46009047,0,0,0,0,0
2022-06-01,0,0,0,0,0,0,0,0,0,46055010,0,0,0,0,0
2022-06-02,0,0,0,0,0,0,0,0,0,46009047,0,0,0,0,0
2022-06-03,0,0,0,0,0,0,0,0,0,46418100,0,0,0,0,0
2022-06-04,0,0,0,0,0,0,0,0,0,46418100,0,0,0,0,0
2022-06-05,0,0,0,0,0,0,0,0,0,46371729,0,0,0,0,0
2022-06-06,0,0,0,0,0,0,0,0,0,46510844,0,0,0,0,0
2022-06-07,0,0,0,0,0,0,0,0,0,46464472,0,0,0,0,0
2022-06-08,0,0,0,0,0,0,0,0,0,46464472,0,0,0,0,0
2022-06-09,0,0,0,0,0,0,0,0,0,46571260,0,0,0,0,0
2022-06-10,0,0,0,0,0,0,0,0,0,46524782,0,0,0,0,0
2022-06-11,0,0,0,0,0,0,0,0,0,46607274,0,0,0,0,0
2022-06-12,0,0,0,0,0,0,0,0,0,46560760,0,0,0,0,0
2022-06-13,0,0,0,0,0,0,0,0,0,46560760,0,0,0,0,0
2022-06-14,0,0,0,0,0,0,0,0,0,46425822,0,0,0,0,0
2022-06-15,0,0,0,0,0,0,0,0,0,46655887,0,0,0,0,0
2022-06-16,0,0,0,0,0,0,0,0,0,46842324,0,0,0,0,0
2022-06-17,0,0,0,0,0,0,0,0,0,49775870,0,0,0,0,0
2022-06-18,0,0,0,0,0,0,0,0,0,49838859,0,0,0,0,0
2022-06-19,0,0,0,0,0,0,0,0,0,49888648,0,0,0,0,0
2022-06-20,0,0,0,0,0,0,0,0,0,49938437,0,0,0,0,0
2022-06-21,0,0,0,0,0,0,0,0,0,49888648,0,0,0,0,0
2022-06-22,0,0,0,0,0,0,0,0,0,49888648,0,0,0,0,0
2022-06-23,0,0,0,0,0,0,0,0,0,49708112,0,0,0,0,0
2022-06-24,0,0,0,0,0,0,0,0,0,49842714,0,0,0,0,0
2022-06-25,0,0,0,0,0,0,0,0,0,49942300,0,0,0,0,0
2022-06-26,0,0,0,0,0,0,0,0,0,49792922,0,0,0,0,0
2022-06-27,0,0,0,0,0,0,0,0,0,49842714,0,0,0,0,0
2022-06-28,0,0,0,0,0,0,0,0,0,49842714,0,0,0,0,0
2022-06-29,0,0,0,0,0,0,0,0,0,49842714,0,0,0,0,0
2022-06-30,0,0,0,0,0,0,0,0,0,49842714,0,0,0,0,0
2022-07-01,0,0,0,0,0,0,0,0,0,49942300,0,0,0,0,0
2022-07-02,0,0,0,0,0,0,0,0,0,49892507,0,0,0,0,0
2022-07-03,0,0,0,0,0,0,0,0,0,49842714,0,0,0,0,0
2022-07-04,0,0,0,0,0,0,0,0,0,49792922,0,0,0,0,0
2022-07-05,0,0,0,0,0,0,0,0,0,49892507,0,0,0,0,0
2022-07-06,0,0,0,0,0,0,0,0,0,49842714,0,0,0,0,0
2022-07-07,0,0,0,0,0,0,0,0,0,49842714,0,0,0,0,0
2022-07-08,0,0,0,0,0,0,0,0,0,50091521,0,0,0,0,0
2022-07-09,0,0,0,0,0,0,0,0,0,50191604,0,0,0,0,0
2022-07-10,0,0,0,0,0,0,0,0,0,50191604,0,0,0,0,0
2022-07-11,0,0,0,0,0,0,0,0,0,50191604,0,0,0,0,0
2022-07-12,0,0,0,0,0,0,0,0,0,50141563,0,0,0,0,0
2022-07-13,0,0,0,0,0,0,0,0,0,50091521,0,0,0,0,0
2022-07-14,0,0,0,0,0,0,0,0,0,50091521,0,0,0,0,0
2022-07-15,0,0,0,0,0,0,0,0,0,50091521,0,0,0,0,0
2022-07-16,0,0,0,0,0,0,0,0,0,50041480,0,0,0,0,0
2022-07-17,0,0,0,0,0,0,0,0,0,50027869,0,0,0,0,0
2022-07-18,0,0,0,0,0,0,0,0,0,50091521,0,0,0,0,0
2022-07-19,0,0,0,0,0,0,0,0,0,50241646,0,0,0,0,0
2022-07-20,0,0,0,0,0,0,0,0,0,50241646,0,0,0,0,0
2022-07-21,0,0,0,0,0,0,0,0,0,49981280,0,0,0,0,0
2022-07-22,0,0,0,0,0,0,0,0,0,50018411,0,0,0,0,0
2022-07-23,0,0,0,0,0,0,0,0,0,50141563,0,0,0,0,0
2022-07-24,0,0,0,0,0,0,0,0,0,50041480,0,0,0,0,0
2022-07-25,0,0,0,0,0,0,0,0,0,50091521,0,0,0,0,0
2022-07-26,0,0,0,0,0,0,0,0,0,50191604,0,0,0,0,0
2022-07-27,0,0,0,0,0,0,0,0,0,50091521,0,0,0,0,0
2022-07-28,0,0,0,0,0,0,0,0,0,50097590,0,0,0,0,0
2022-07-29,0,0,0,0,0,0,0,0,0,50041668,0,0,0,0,0
2022-07-30,0,0,0,0,0,0,0,0,0,50158873,0,0,0,0,0
2022-07-31,0,0,0,0,0,0,0,0,0,50090224,0,0,0,0,0
2022-08-01,0,0,0,0,0,0,0,0,0,50108764,0,0,0,0,0
2022-08-02,0,0,0,0,0,0,0,0,0,50208982,0,0,0,0,0
2022-08-03,0,0,0,0,0,0,0,0,0,50037159,0,0,0,0,0
2022-08-04,0,0,0,0,0,0,0,0,0,50275832,0,0,0,0,23685309
2022-08-05,0,0,0,0,0,0,0,0,0,50225656,0,0,0,0,23661671
2022-08-06,0,0,0,0,0,0,0,0,0,51236361,0,0,0,0,23611416
2022-08-07,0,0,0,0,0,0,0,0,0,51353227,0,0,0,0,23635882
2022-08-08,0,0,0,0,0,0,0,0,0,51271811,0,0,0,0,23626214
2022-08-09,0,0,0,0,0,0,0,0,0,51353227,0,0,0,0,23685307
2022-08-10,0,0,0,0,0,0,0,0,0,51404529,0,0,0,0,23716646
2022-08-11,0,0,0,0,0,0,0,0,0,51404529,0,0,0,0,23798184
2022-08-12,0,0,0,0,0,0,0,0,0,51353227,0,0,0,0,23774433
2022-08-13,0,0,0,0,0,0,0,0,0,51270528,0,0,0,0,23750682
2022-08-14,0,0,0,0,0,0,0,0,0,51404529,0,0,0,0,23774433
2022-08-15,0,0,0,0,0,0,0,0,0,51353227,0,0,0,0,23774433
2022-08-16,0,0,0,0,0,0,0,0,0,51353227,0,0,0,0,23750682
2022-08-17,0,0,0,0,0,0,0,0,0,52585407,0,0,0,0,23774433
2022-08-18,0,0,0,0,0,0,0,0,0,52532926,0,0,0,0,23902824
2022-08-19,0,0,0,0,0,0,0,0,0,52480446,0,0,0,0,23902824
2022-08-20,0,0,0,0,0,0,0,0,0,52532926,0,0,0,0,23926703
2022-08-21,0,0,0,0,0,0,0,0,0,52532926,0,0,0,0,23902824
2022-08-22,0,0,0,0,0,0,0,0,0,52585407,0,0,0,0,23950582
2022-08-23,0,0,0,0,0,0,0,0,0,52440193,0,0,0,0,23902824
2022-08-24,0,0,0,0,0,0,0,0,0,52399206,0,0,0,0,23837563
2022-08-25,0,0,0,0,0,0,0,0,0,52466854,0,0,0,0,23861490
2022-08-26,0,0,0,0,0,0,0,0,0,52585407,0,0,0,0,23950582
2022-08-27,0,0,0,0,0,0,0,0,0,52637887,0,0,0,0,23974461
2022-08-28,0,0,0,0,0,0,0,0,0,52470842,0,0,0,0,23902824
2022-08-29,0,0,0,0,0,0,0,0,0,53120501,0,0,0,0,23902824
2022-08-30,0,0,0,0,0,0,0,0,0,53173622,0,0,0,0,23922237
2022-08-31,0,0,0,0,0,0,0,0,0,53117473,0,0,0,0,23898339
2022-09-01,0,0,0,0,0,0,0,0,0,54340996,0,0,0,0,23860747
2022-09-02,0,0,0,0,0,0,0,0,0,54439001,0,0,0,0,23901319
2022-09-03,0,0,0,0,0,0,0,0,0,54446950,0,0,0,0,23925220
2022-09-04,0,0,0,0,0,0,0,0,0,54446950,0,0,0,0,23925220
2022-09-05,0,0,0,0,0,0,0,0,0,54451877,0,0,0,0,23925220
2022-09-06,0,0,0,0,0,0,0,0,0,54669685,0,0,0,0,23925220
2022-09-07,0,0,0,0,0,0,0,0,0,54451877,0,0,0,0,23900434
2022-09-08,0,0,0,0,0,0,0,0,0,54506329,0,0,0,0,23901319
2022-09-09,0,0,0,0,0,0,0,0,0,54506329,0,0,0,0,23925220
2022-09-10,0,0,0,0,0,0,0,0,0,54506329,0,0,0,0,23925220
2022-09-11,0,0,0,0,0,0,0,0,0,54506329,0,0,0,0,23925220
2022-09-12,0,0,0,0,0,0,0,0,0,54436739,0,0,0,0,23925220
2022-09-13,0,0,0,0,0,0,0,0,0,54451877,0,0,0,0,23925220
2022-09-14,0,0,0,0,0,0,0,0,0,54388876,0,0,0,0,23884755
2022-09-15,0,0,0,0,0,0,0,0,0,54451877,0,0,0,0,23901319
2022-09-16,0,0,0,0,0,0,0,0,0,54745235,0,0,0,0,23869864
2022-09-17,0,0,0,0,0,0,0,0,0,54738392,0,0,0,0,23901319
2022-09-18,0,0,0,0,0,0,0,0,0,54800035,0,0,0,0,23925220
2022-09-19,0,0,0,0,0,0,0,0,0,54687479,0,0,0,0,23901319
2022-09-20,0,0,0,0,0,0,0,0,0,54854780,0,0,0,0,23925220
2022-09-21,0,0,0,0,0,0,0,0,0,54694869,0,0,0,0,23886141
2022-09-22,0,0,0,0,0,0,0,0,0,54800035,0,0,0,0,23925220
2022-09-23,0,0,0,0,0,0,0,0,0,55957781,0,0,0,0,23901319
2022-09-24,0,0,0,0,0,0,0,0,0,55957781,0,0,0,0,23901319
2022-09-25,0,0,0,0,0,0,0,0,0,55888072,0,0,0,0,23901319
2022-09-26,0,0,0,0,0,0,0,0,0,56069585,0,0,0,0,23949121
2022-09-27,0,0,0,0,0,0,0,0,0,55957781,0,0,0,0,23840824
2022-09-28,0,0,0,0,0,0,0,0,0,55957781,0,0,0,0,24282036
2022-09-29,0,0,0,0,0,0,0,0,0,56322078,0,0,0,0,24282036
2022-09-30,0,0,0,0,0,0,0,0,0,56059167,0,0,0,0,24257802
2022-10-01,0,0,0,0,0,0,0,0,0,56209771,0,0,0,0,24305005
2022-10-02,0,0,0,0,0,0,0,0,0,56265925,0,0,0,0,24300137
2022-10-03,0,0,0,0,0,0,0,0,0,56152326,0,0,0,0,24275084
2022-10-04,0,0,0,0,0,0,0,0,0,56153618,0,0,0,0,24300137
2022-10-05,0,0,0,0,0,0,0,0,0,56115602,0,0,0,0,24275861
2022-10-06,0,0,0,0,0,0,0,0,0,56108189,0,0,0,0,24803268
2022-10-07,0,0,0,0,0,0,0,0,0,56572243,0,0,0,0,24642178
2022-10-08,0,0,0,0,0,0,0,0,0,56778834,0,0,0,0,24614484
2022-10-09,0,0,0,0,0,0,0,0,0,56824336,0,0,0,0,24642178
2022-10-10,0,0,0,0,0,0,0,0,0,56855336,0,0,0,0,24574948
2022-10-11,0,0,0,0,0,0,0,0,0,56704066,0,0,0,0,24617561
2022-10-12,0,0,0,0,0,0,0,0,0,56648246,0,0,0,0,24805068
2022-10-13,0,0,0,0,0,0,0,0,0,56648246,0,0,0,0,24795553
2022-10-14,0,0,0,0,0,0,0,0,0,57351564,0,0,0,0,25144539
2022-10-15,0,0,0,0,0,0,0,0,0,57202823,0,0,0,0,25144539
2022-10-16,0,0,0,0,0,0,0,0,0,57228246,0,0,0,0,25119420
2022-10-17,0,0,0,0,0,0,0,0,0,57220516,0,0,0,0,25093547
2022-10-18,0,0,0,0,0,0,0,0,0,57317056,0,0,0,0,25144539
2022-10-19,0,0,0,0,0,0,0,0,0,57241645,0,0,0,0,25119420
2022-10-20,0,0,0,0,0,0,0,0,0,57546096,0,0,0,0,24923618
2022-10-21,0,0,0,0,0,0,0,0,0,57667713,0,0,0,0,24799620
2022-10-22,0,0,0,0,0,0,0,0,0,57725380,0,0,0,0,24795776
2022-10-23,0,0,0,0,0,0,0,0,0,57667713,0,0,0,0,24799620
2022-10-24,0,0,0,0,0,0,0,0,0,57644819,0,0,0,0,24799620
2022-10-25,0,0,0,0,0,0,0,0,0,57725380,0,0,0,0,24824419
2022-10-26,0,0,0,0,0,0,0,0,0,57667713,0,0,0,0,24824419
2022-10-27,0,0,0,0,0,0,0,0,0,57667713,0,0,0,0,24799620
2022-10-28,0,0,0,0,0,0,0,0,0,58122989,0,0,0,0,24824419
2022-10-29,0,0,0,0,0,0,0,0,0,58011852,0,0,0,0,24866763
2022-10-30,0,0,0,0,0,0,0,0,0,58064924,0,0,0,0,24872857
2022-10-31,0,0,0,0,0,0,0,0,0,58056214,0,0,0,0,24872857
2022-11-01,0,0,0,0,0,0,0,0,0,58019116,0,0,0,0,24872857
2022-11-02,0,0,0,0,0,0,0,0,0,58066001,0,0,0,0,24888501
2022-11-03,0,0,0,0,0,0,0,0,0,59050595,0,0,0,0,24875256
2022-11-04,0,0,0,0,0,0,0,0,0,59050595,0,0,0,0,24890268
2022-11-05,0,0,0,0,0,0,0,0,0,58537563,0,0,0,0,24762712
2022-11-06,0,0,0,0,0,0,0,0,0,59001583,0,0,0,0,24860301
2022-11-07,0,0,0,0,0,0,0,0,0,59168696,0,0,0,0,24882372
2022-11-08,0,0,0,0,0,0,0,0,0,59109645,0,0,0,0,24907254
2022-11-09,0,0,0,0,0,0,0,0,0,59050595,0,0,0,0,24857539
2022-11-10,0,0,0,0,0,0,0,0,0,59345848,0,0,0,0,24871647
2022-11-11,0,0,0,0,0,0,0,0,0,59345848,0,0,0,0,24881849
2022-11-12,0,0,0,0,0,0,0,0,0,59227747,0,0,0,0,24882372
2022-11-13,0,0,0,0,0,0,0,0,0,59024317,0,0,0,0,24932136
2022-11-14,0,0,0,0,0,0,0,0,0,58982805,0,0,0,0,24861769
2022-11-15,0,0,0,0,0,0,0,0,0,59050595,0,0,0,0,24932136
2022-11-16,0,0,0,0,0,0,0,0,0,59123527,0,0,0,0,24882372
2022-11-17,0,0,0,0,0,0,0,0,0,59064463,0,0,0,0,24877122
2022-11-18,0,0,0,0,0,0,0,0,0,58999138,0,0,0,0,24853384
2022-11-19,0,0,0,0,0,0,0,0,0,59249127,0,0,0,0,24907254
2022-11-20,0,0,0,0,0,0,0,0,0,59189996,0,0,0,0,24882372
2022-11-21,0,0,0,0,0,0,0,0,0,59189996,0,0,0,0,24855325
2022-11-22,0,0,0,0,0,0,0,0,0,59189996,0,0,0,0,24907254
2022-11-23,0,0,0,0,0,0,0,0,0,59249127,0,0,0,0,25040037
2022-11-24,0,0,0,0,0,0,0,0,0,61486112,0,0,0,0,25015022
2022-11-25,0,0,0,0,0,0,0,0,0,61424748,0,0,0,0,25157454
2022-11-26,0,0,0,0,0,0,0,0,0,61357801,0,0,0,0,25120635
2022-11-27,0,0,0,0,0,0,0,0,0,61424748,0,0,0,0,25132322
2022-11-28,0,0,0,0,0,0,0,0,0,61424748,0,0,0,0,25132322
2022-11-29,0,0,0,0,0,0,0,0,0,61424748,0,0,0,0,25281228
2022-11-30,0,0,0,0,0,0,0,0,0,61731565,0,0,0,0,25347429
2022-12-01,0,0,0,0,0,0,0,0,0,61615326,0,0,0,0,25372725
2022-12-02,0,0,0,0,0,0,0,0,0,61676757,0,0,0,0,25387258
2022-12-03,0,0,0,0,0,0,0,0,0,61408918,0,0,0,0,25336635
2022-12-04,0,0,0,0,0,0,0,0,0,61425197,0,0,0,0,25311324
2022-12-05,0,0,0,0,0,0,0,0,0,61553895,0,0,0,0,25361946
2022-12-06,0,0,0,0,0,0,0,0,0,61492464,0,0,0,0,25336635
2022-12-07,0,0,0,0,0,0,0,0,0,61387171,0,0,0,0,25336635
2022-12-08,0,0,0,0,0,0,0,0,0,62220947,0,0,0,0,25336635
2022-12-09,0,0,0,0,0,0,0,0,0,62114842,0,0,0,0,25311324
2022-12-10,0,0,0,0,0,0,0,0,0,62134359,0,0,0,0,25311096
2022-12-11,0,0,0,0,0,0,0,0,0,62135665,0,0,0,0,25336635
2022-12-12,0,0,0,0,0,0,0,0,0,62158788,0,0,0,0,25485234
2022-12-13,0,0,0,0,0,0,0,0,0,62158788,0,0,0,0,25457661
2022-12-14,0,0,0,0,0,0,0,0,0,62136659,0,0,0,0,25459392
2022-12-15,0,0,0,0,0,0,0,0,0,62154126,0,0,0,0,25452314
2022-12-16,0,0,0,0,0,0,0,0,0,62220947,0,0,0,0,25475441
2022-12-17,0,0,0,0,0,0,0,0,0,62220947,0,0,0,0,25618860
2022-12-18,0,0,0,0,0,0,0,0,0,62158788,0,0,0,0,25495087
2022-12-19,0,0,0,0,0,0,0,0,0,62158104,0,0,0,0,25469617
2022-12-20,0,0,0,0,0,0,0,0,0,62158788,0,0,0,0,25495087
2022-12-21,0,0,0,0,0,0,0,0,0,62196676,0,0,0,0,25520556
2022-12-22,0,0,0,0,0,0,0,0,0,62516655,0,0,0,0,25495087
2022-12-23,0,0,0,0,0,0,0,0,0,62454263,0,0,0,0,25495087
2022-12-24,0,0,0,0,0,0,0,0,0,62391872,0,0,0,0,25575367
2022-12-25,0,0,0,0,0,0,0,0,0,62454263,0,0,0,0,25575367
2022-12-26,0,0,0,0,0,0,0,0,0,62516655,0,0,0,0,25575367
2022-12-27,0,0,0,0,0,0,0,0,0,62546029,0,0,0,0,25575367
2022-12-28,0,0,0,0,0,0,0,0,0,62440932,0,0,0,0,25538779
2022-12-29,0,0,0,0,0,0,0,0,0,62483546,0,0,0,0,25549817
2022-12-30,0,0,0,0,0,0,0,0,0,62572393,0,0,0,0,25618530
2022-12-31,0,0,0,0,0,0,0,0,0,62572393,0,0,0,0,25592937
2023-01-01,0,0,0,0,0,0,0,0,0,62634965,0,0,0,0,25618530
2023-01-02,0,0,0,0,0,0,0,0,0,62566261,0,0,0,0,25587428
2023-01-03,0,0,0,0,0,0,0,0,0,62572393,0,0,0,0,25587428
2023-01-04,0,0,0,0,0,0,0,0,0,62572393,0,0,0,0,25587428
2023-01-05,0,0,0,0,0,0,0,0,0,62634965,0,0,0,0,25613015
2023-01-06,0,0,0,0,0,0,0,0,0,62634965,0,0,0,0,25674228
2023-01-07,0,0,0,0,0,0,0,0,0,62819892,0,0,0,0,25674228
2023-01-08,0,0,0,0,0,0,0,0,0,62882712,0,0,0,0,25699902
2023-01-09,0,0,0,0,0,0,0,0,0,62819892,0,0,0,0,25657822
2023-01-10,0,0,0,0,0,0,0,0,0,62882712,0,0,0,0,25674228
2023-01-11,0,0,0,0,0,0,0,0,0,62747084,0,0,0,0,25661237
2023-01-12,0,0,0,0,0,0,0,0,0,63322451,0,0,0,0,25725576
2023-01-13,0,0,0,0,0,0,0,0,0,62882712,0,0,0,0,25673175
2023-01-14,0,0,0,0,0,0,0,0,0,63704134,0,0,0,0,25751251
2023-01-15,0,0,0,0,0,0,0,0,0,63704134,0,0,0,0,25699902
2023-01-16,0,0,0,0,0,0,0,0,0,63831288,0,0,0,0,25751251
2023-01-17,0,0,0,0,0,0,0,0,0,63576980,0,0,0,0,25629555
2023-01-18,0,0,0,0,0,0,0,0,0,63484331,0,0,0,0,25670865
2023-01-19,0,0,0,0,0,0,0,0,0,63499764,0,0,0,0,25670248
2023-01-20,0,0,0,0,0,0,0,0,0,63499129,0,0,0,0,25699902
2023-01-21,0,0,0,0,0,0,0,0,0,64259465,0,0,0,0,25663034
2023-01-22,0,0,0,0,0,0,0,0,0,64454953,0,0,0,0,25708499
2023-01-23,0,0,0,0,0,0,0,0,0,64390626,0,0,0,0,25682842
2023-01-24,0,0,0,0,0,0,0,0,0,64326300,0,0,0,0,25656774
2023-01-25,0,0,0,0,0,0,0,0,0,64269050,0,0,0,0,0
2023-01-26,0,0,0,0,0,0,0,0,0,64095369,0,0,0,0,0
2023-01-27,0,0,0,0,0,0,0,0,0,65417973,0,0,0,0,0
2023-01-28,0,0,0,0,0,0,0,0,0,65417973,0,0,0,0,0
2023-01-29,0,0,0,0,0,0,0,0,0,65483391,0,0,0,0,0
2023-01-30,0,0,0,0,0,0,0,0,0,65399133,0,0,0,0,0
2023-01-31,0,0,0,0,0,0,0,0,0,65483391,0,0,0,0,25772525
2023-02-01,0,0,0,0,0,0,0,0,0,65846043,0,0,0,0,25783214
2023-02-02,0,0,0,0,0,0,0,0,0,65701524,0,0,0,0,25808690
2023-02-03,0,0,0,0,0,0,0,0,0,65846043,0,0,0,0,25808690
2023-02-04,0,0,0,0,0,0,0,0,0,65846043,0,0,0,0,28123426
2023-02-05,0,0,0,0,0,0,0,0,0,65751451,0,0,0,0,28108436
2023-02-06,0,0,0,0,0,0,0,0,0,65779276,0,0,0,0,28151549
2023-02-07,0,0,0,0,0,0,0,0,0,65846043,0,0,0,0,28151549
2023-02-08,0,0,0,0,0,0,0,0,0,65681724,0,0,0,0,28098424
2023-02-09,0,0,0,0,0,0,0,0,0,65780263,0,0,0,0,28004125
2023-02-10,0,0,0,0,0,0,0,0,0,65780263,0,0,0,0,27560753
2023-02-11,0,0,0,0,0,0,0,0,0,66838033,0,0,0,0,27242195
2023-02-12,0,0,0,0,0,0,0,0,0,67206808,0,0,0,0,27187820
2023-02-13,0,0,0,0,0,0,0,0,0,66901286,0,0,0,0,27143993
2023-02-14,0,0,0,0,0,0,0,0,0,67199818,0,0,0,0,27150395
2023-02-15,0,0,0,0,0,0,0,0,0,68375908,0,0,0,0,27177545
2023-02-16,0,0,0,0,0,0,0,0,0,68512660,0,0,0,0,27149662
2023-02-17,0,0,0,0,0,0,0,0,0,69056527,0,0,0,0,26474283
2023-02-18,0,0,0,0,0,0,0,0,0,69166152,0,0,0,0,26482759
2023-02-19,0,0,0,0,0,0,0,0,0,69134336,0,0,0,0,26437331
2023-02-20,0,0,0,0,0,0,0,0,0,69149275,0,0,0,0,26407133
2023-02-21,0,0,0,0,0,0,0,0,0,69066276,0,0,0,0,26422899
2023-02-22,0,0,0,0,0,0,0,0,0,69158613,0,0,0,0,26574892
2023-02-23,0,0,0,0,0,0,0,0,0,69151005,0,0,0,0,26502514
2023-02-24,0,0,0,0,0,0,0,0,0,69792620,0,0,0,0,26512610
2023-02-25,0,0,0,0,0,0,0,0,0,69822241,0,0,0,0,26509587
2023-02-26,0,0,0,0,0,0,0,0,0,69854796,0,0,0,0,26506245
2023-02-27,0,0,0,0,0,0,0,0,0,69930245,0,0,0,0,26546396
2023-02-28,0,0,0,0,0,0,0,0,0,69930245,0,0,0,0,26519876
2023-03-01,0,0,0,0,0,0,0,0,0,70209686,0,0,0,0,26574983
2023-03-02,0,0,0,0,0,0,0,0,0,69860385,0,0,0,0,26527084
2023-03-03,0,0,0,0,0,0,0,0,0,70118220,0,0,0,0,26650908
2023-03-04,0,0,0,0,0,0,0,0,0,70024916,0,0,0,0,26644199
2023-03-05,0,0,0,0,0,0,0,0,0,70118220,0,0,0,0,26644199
2023-03-06,0,0,0,0,0,0,0,0,0,70048172,0,0,0,0,26605364
2023-03-07,0,0,0,0,0,0,0,0,0,70048172,0,0,0,0,26644199
2023-03-08,0,0,0,0,0,0,0,0,0,70188268,0,0,0,0,26670817
2023-03-09,0,0,0,0,0,0,0,0,0,70048172,0,0,0,0,26607512
2023-03-10,0,0,0,0,0,0,0,0,0,70188268,0,0,0,0,26615870
2023-03-11,0,0,0,0,0,0,0,0,0,70822208,0,0,0,0,26642485
2023-03-12,0,0,0,0,0,0,0,0,0,68658558,0,0,0,0,26652043
2023-03-13,0,0,0,0,0,0,0,0,0,70799444,0,0,0,0,26731839
2023-03-14,0,0,0,0,0,0,0,0,0,71265627,0,0,0,0,26729329
2023-03-15,0,0,0,0,0,0,0,0,0,71572181,0,0,0,0,26693053
2023-03-16,0,0,0,0,0,0,0,0,0,71643539,0,0,0,0,26797033
2023-03-17,0,0,0,0,0,0,0,0,0,71886572,0,0,0,0,26770422
2023-03-18,0,0,0,0,0,0,0,0,0,71886572,0,0,0,0,26718001
2023-03-19,0,0,0,0,0,0,0,0,0,71958172,0,0,0,0,26799720
2023-03-20,0,0,0,0,0,0,0,0,0,71886572,0,0,0,0,26719880
2023-03-21,0,0,0,0,0,0,0,0,0,71958172,0,0,0,0,27052712
2023-03-22,0,0,0,0,0,0,0,0,0,71814972,0,0,0,0,26971720
2023-03-23,0,0,0,0,0,0,0,0,0,71958172,0,0,0,0,26995064
2023-03-24,0,0,0,0,0,0,0,0,0,71814972,0,0,0,0,26995786
2023-03-25,0,0,0,0,0,0,0,0,0,71958172,0,0,0,0,27058734
2023-03-26,0,0,0,0,0,0,0,0,0,72029772,0,0,0,0,27112529
2023-03-27,0,0,0,0,0,0,0,0,0,71671771,0,0,0,0,26924247
2023-03-28,0,0,0,0,0,0,0,0,0,71568166,0,0,0,0,27011212
2023-03-29,0,0,0,0,0,0,0,0,0,71671771,0,0,0,0,27059718
2023-03-30,0,0,0,0,0,0,0,0,0,71671771,0,0,0,0,27152187
2023-03-31,0,0,0,0,0,0,0,0,0,71814972,0,0,0,0,27184939
2023-04-01,0,0,0,0,0,0,0,0,0,72025175,0,0,0,0,27157346
2023-04-02,0,0,0,0,0,0,0,0,0,72097200,0,0,0,0,27171564
2023-04-03,0,0,0,0,0,0,0,0,0,72097200,0,0,0,0,27171564
2023-04-04,0,0,0,0,0,0,0,0,0,72097200,0,0,0,0,27185874
2023-04-05,0,0,0,0,0,0,0,0,0,71955311,0,0,0,0,27158715
2023-04-06,0,0,0,0,0,0,0,0,0,72169225,0,0,0,0,27082479
2023-04-07,0,0,0,0,0,0,0,0,0,72097200,0,0,0,0,27066329
2023-04-08,0,0,0,0,0,0,0,0,0,72812174,0,0,0,0,27178565
2023-04-09,0,0,0,0,0,0,0,0,0,72739435,0,0,0,0,27177556
2023-04-10,0,0,0,0,0,0,0,0,0,72884914,0,0,0,0,27177556
2023-04-11,0,0,0,0,0,0,0,0,0,72577808,0,0,0,0,27177556
2023-04-12,0,0,0,0,0,0,0,0,0,72718268,0,0,0,0,27450229
2023-04-13,0,0,0,0,0,0,0,0,0,73803456,0,0,0,0,27498184
2023-04-14,0,0,0,0,0,0,0,0,0,73996127,0,0,0,0,27580596
2023-04-15,0,0,0,0,0,0,0,0,0,73922278,0,0,0,0,27688529
2023-04-16,0,0,0,0,0,0,0,0,0,73848430,0,0,0,0,27647627
2023-04-17,0,0,0,0,0,0,0,0,0,73834546,0,0,0,0,27620007
2023-04-18,0,0,0,0,0,0,0,0,0,73993049,0,0,0,0,27647825
2023-04-19,0,0,0,0,0,0,0,0,0,73891410,0,0,0,0,27681371
2023-04-20,0,0,0,0,0,0,0,0,0,73854303,0,0,0,0,27754139
2023-04-21,0,0,0,0,0,0,0,0,0,74935446,0,0,0,0,27724613
2023-04-22,0,0,0,0,0,0,0,0,0,74959584,0,0,0,0,27752337
2023-04-23,0,0,0,0,0,0,0,0,0,74961308,0,0,0,0,27750944
2023-04-24,0,0,0,0,0,0,0,0,0,74634702,0,0,0,0,27778668
2023-04-25,0,0,0,0,0,0,0,0,0,75224643,0,0,0,0,27750169
2023-04-26,0,0,0,0,0,0,0,0,0,75240379,0,0,0,0,27605642
2023-04-27,0,0,0,0,0,0,0,0,0,75241283,0,0,0,0,27550365
2023-04-28,0,0,0,0,0,0,0,0,0,75565998,0,0,0,0,27573134
2023-04-29,0,0,0,0,0,0,0,0,0,75543299,0,0,0,0,27240187
2023-04-30,0,0,0,0,0,0,0,0,0,75652783,0,0,0,0,27392642
2023-05-01,0,0,0,0,0,0,0,0,0,75615330,0,0,0,0,27392642
2023-05-02,0,0,0,0,0,0,0,0,0,75662771,0,0,0,0,26495761
2023-05-03,0,0,0,0,0,0,0,0,0,75556464,0,0,0,0,26552615
2023-05-04,0,0,0,0,0,0,0,0,0,75738433,0,0,0,0,26551569
2023-05-05,0,0,0,0,0,0,0,0,0,75662771,0,0,0,0,26519606
2023-05-06,0,0,0,0,0,0,0,0,0,76423935,0,0,0,0,26550930
2023-05-07,0,0,0,0,0,0,0,0,0,76423935,0,0,0,0,26550930
2023-05-08,0,0,0,0,0,0,0,0,0,76218994,0,0,0,0,26550930
2023-05-09,0,0,0,0,0,0,0,0,0,76212206,0,0,0,0,26548478
2023-05-10,0,0,0,0,0,0,0,0,0,76271393,0,0,0,0,26548478
2023-05-11,0,0,0,0,0,0,0,0,0,76048985,0,0,0,0,26575000
2023-05-12,0,0,0,0,0,0,0,0,0,76347664,0,0,0,0,26548478
2023-05-13,0,0,0,0,0,0,0,0,0,77536572,0,0,0,0,26631911
2023-05-14,0,0,0,0,0,0,0,0,0,77536572,0,0,0,0,26605332
2023-05-15,0,0,0,0,0,0,0,0,0,77451986,0,0,0,0,26578753
2023-05-16,0,0,0,0,0,0,0,0,0,77459113,0,0,0,0,26621704
2023-05-17,0,0,0,0,0,0,0,0,0,77481243,0,0,0,0,26698472
2023-05-18,0,0,0,0,0,0,0,0,0,77408410,0,0,0,0,26702799
2023-05-19,0,0,0,0,0,0,0,0,0,79135818,0,0,0,0,26705849
2023-05-20,0,0,0,0,0,0,0,0,0,79132810,0,0,0,0,26719488
2023-05-21,0,0,0,0,0,0,0,0,0,79214953,0,0,0,0,26796726
2023-05-22,0,0,0,0,0,0,0,0,0,79294089,0,0,0,0,26743292
2023-05-23,0,0,0,0,0,0,0,0,0,79017370,0,0,0,0,26421353
2023-05-24,0,0,0,0,0,0,0,0,0,79164016,0,0,0,0,26446983
2023-05-25,0,0,0,0,0,0,0,0,0,79058879,0,0,0,0,26392906
2023-05-26,0,0,0,0,0,0,0,0,0,79555370,0,0,0,0,26389490
2023-05-27,0,0,0,0,0,0,0,0,0,79597945,0,0,0,0,26397419
2023-05-28,0,0,0,0,0,0,0,0,0,79839453,0,0,0,0,26470041
2023-05-29,0,0,0,0,0,0,0,0,0,79588393,0,0,0,0,26503819
2023-05-30,0,0,0,0,0,0,0,0,0,79540075,0,0,0,0,26488866
2023-05-31,0,0,0,0,0,0,0,0,0,79588075,0,0,0,0,26552201
2023-06-01,0,0,0,0,0,0,0,0,0,79427838,0,0,0,0,26308005
2023-06-02,0,0,0,0,0,0,0,0,0,79591577,0,0,0,0,26338853
2023-06-03,0,0,0,0,0,0,0,0,0,79536175,0,0,0,0,26392855
2023-06-04,0,0,0,0,0,0,0,0,0,79589109,0,0,0,0,26380650
2023-06-05,0,0,0,0,0,0,0,0,0,79680252,0,0,0,0,26380650
2023-06-06,0,0,0,0,0,0,0,0,0,79680252,0,0,0,0,26392341
2023-06-07,0,0,0,0,0,0,0,0,0,79677604,0,0,0,0,26392341
2023-06-08,0,0,0,0,0,0,0,0,0,79596573,0,0,0,0,26365975
2023-06-09,0,0,0,0,0,0,0,0,0,79857194,0,0,0,0,26365975
2023-06-10,0,0,0,0,0,0,0,0,0,79798578,0,0,0,0,26358866
2023-06-11,0,0,0,0,0,0,0,0,0,79837389,0,0,0,0,26365220
2023-06-12,0,0,0,0,0,0,0,0,0,79673682,0,0,0,0,26323668
2023-06-13,0,0,0,0,0,0,0,0,0,79707861,0,0,0,0,26344971
2023-06-14,0,0,0,0,0,0,0,0,0,79792350,0,0,0,0,26363401
2023-06-15,0,0,0,0,0,0,0,0,0,79896653,0,0,0,0,26305109
2023-06-16,0,0,0,0,0,0,0,0,0,79843042,0,0,0,0,26281251
2023-06-17,0,0,0,0,0,0,0,0,0,80209084,0,0,0,0,26275227
2023-06-18,0,0,0,0,0,0,0,0,0,80221197,0,0,0,0,26297797
2023-06-19,0,0,0,0,0,0,0,0,0,80303667,0,0,0,0,26331467
2023-06-20,0,0,0,0,0,0,0,0,0,80223444,0,0,0,0,26302374
2023-06-21,0,0,0,0,0,0,0,0,0,80223444,0,0,0,0,26293008
2023-06-22,0,0,0,0,0,0,0,0,0,80218309,0,0,0,0,26300820
2023-06-23,0,0,0,0,0,0,0,0,0,80214378,0,0,0,0,26327121
2023-06-24,0,0,0,0,0,0,0,0,0,80869666,0,0,0,0,26327121
2023-06-25,0,0,0,0,0,0,0,0,0,80788878,0,0,0,0,26324538
2023-06-26,0,0,0,0,0,0,0,0,0,80788878,0,0,0,0,26298240
2023-06-27,0,0,0,0,0,0,0,0,0,80878449,0,0,0,0,26298240
2023-06-28,0,0,0,0,0,0,0,0,0,80758635,0,0,0,0,26280656
2023-06-29,0,0,0,0,0,0,0,0,0,80772378,0,0,0,0,26296013
2023-06-30,0,0,0,0,0,0,0,0,0,81416987,0,0,0,0,26290543
2023-07-01,0,0,0,0,0,0,0,0,0,81390442,0,0,0,0,26294909
2023-07-02,0,0,0,0,0,0,0,0,0,81426107,0,0,0,0,26358208
2023-07-03,0,0,0,0,0,0,0,0,0,81426107,0,0,0,0,26358208
2023-07-04,0,0,0,0,0,0,0,0,0,81507533,0,0,0,0,26384566
2023-07-05,0,0,0,0,0,0,0,0,0,81356569,0,0,0,0,26355546
2023-07-06,0,0,0,0,0,0,0,0,0,81401679,0,0,0,0,26329974
2023-07-07,0,0,0,0,0,0,0,0,0,81420325,0,0,0,0,26258067
2023-07-08,0,0,0,0,0,0,0,0,0,81428753,0,0,0,0,26328815
2023-07-09,0,0,0,0,0,0,0,0,0,81427450,0,0,0,0,26320513
2023-07-10,0,0,0,0,0,0,0,0,0,81673039,0,0,0,0,26399474
2023-07-11,0,0,0,0,0,0,0,0,0,81420121,0,0,0,0,26319618
2023-07-12,0,0,0,0,0,0,0,0,0,81493021,0,0,0,0,26346833
2023-07-13,0,0,0,0,0,0,0,0,0,81734333,0,0,0,0,26317229
2023-07-14,0,0,0,0,0,0,0,0,0,81839005,0,0,0,0,26303109
2023-07-15,0,0,0,0,0,0,0,0,0,81995207,0,0,0,0,26324654
2023-07-16,0,0,0,0,0,0,0,0,0,82024244,0,0,0,0,26384084
2023-07-17,0,0,0,0,0,0,0,0,0,81958624,0,0,0,0,26389256
2023-07-18,0,0,0,0,0,0,0,0,0,82024244,0,0,0,0,26364752
2023-07-19,0,0,0,0,0,0,0,0,0,82304768,0,0,0,0,26360375
2023-07-20,0,0,0,0,0,0,0,0,0,82179790,0,0,0,0,26359936
2023-07-21,0,0,0,0,0,0,0,0,0,82209308,0,0,0,0,26367021
2023-07-22,0,0,0,0,0,0,0,0,0,82256558,0,0,0,0,26393388
2023-07-23,0,0,0,0,0,0,0,0,0,82216319,0,0,0,0,26388993
2023-07-24,0,0,0,0,0,0,0,0,0,82228086,0,0,0,0,26359071
2023-07-25,0,0,0,0,0,0,0,0,0,82280174,0,0,0,0,26359229
2023-07-26,0,0,0,0,0,0,0,0,0,82287910,0,0,0,0,26388993
2023-07-27,0,0,0,0,0,0,0,0,0,82353287,0,0,0,0,26354537
2023-07-28,0,0,0,0,0,0,0,0,0,82344228,0,0,0,0,25924400
2023-07-29,0,0,0,0,0,0,0,0,0,82353287,0,0,0,0,26020204
2023-07-30,0,0,0,0,0,0,0,0,0,82353287,0,0,0,0,26021375
2023-07-31,0,0,0,0,0,0,0,0,0,82419210,0,0,0,0,26015989
2023-08-01,0,0,0,0,0,0,0,0,0,82419210,0,0,0,0,26031498
2023-08-02,0,0,0,0,0,0,0,0,0,82580455,0,0,0,0,26086842
2023-08-03,0,0,0,0,0,0,0,0,0,82628068,0,0,0,0,26079561
2023-08-04,0,0,0,0,0,0,0,0,0,82743214,0,0,0,0,26081666
2023-08-05,0,0,0,0,0,0,0,0,0,82926213,0,0,0,0,26052383
2023-08-06,0,0,0,0,0,0,0,0,0,82894950,0,0,0,0,26075663
2023-08-07,0,0,0,0,0,0,0,0,0,82921569,0,0,0,0,26054002
2023-08-08,0,0,0,0,0,0,0,0,0,83009139,0,0,0,0,26064389
2023-08-09,0,0,0,0,0,0,0,0,0,82889974,0,0,0,0,26082130
2023-08-10,0,0,0,0,0,0,0,0,0,82825126,0,0,0,0,22758504
2023-08-11,0,0,0,0,0,0,0,0,0,82926213,0,0,0,0,24135005
2023-08-12,0,0,0,0,0,0,0,0,0,82916262,0,0,0,0,24136213
2023-08-13,0,0,0,0,0,0,0,0,0,82908135,0,0,0,0,24129731
2023-08-14,0,0,0,0,0,0,0,0,0,82926213,0,0,0,0,24136664
2023-08-15,0,0,0,0,0,0,0,0,0,82926213,0,0,0,0,24129164
2023-08-16,0,0,0,0,0,0,0,0,0,82926213,0,0,0,0,24090114
2023-08-17,0,0,0,0,0,0,0,0,0,82954783,0,0,0,0,24024788
2023-08-18,0,0,0,0,0,0,0,0,0,82931190,0,0,0,0,24081084
2023-08-19,0,0,0,0,0,0,0,0,0,83155736,0,0,0,0,24118781
2023-08-20,0,0,0,0,0,0,0,0,0,83072663,0,0,0,0,24117310
2023-08-21,0,0,0,0,0,0,0,0,0,83072663,0,0,0,0,24114461
2023-08-22,0,0,0,0,0,0,0,0,0,83072663,0,0,0,0,24030985
2023-08-23,0,0,0,0,0,0,0,0,0,83387307,0,0,0,0,24021748
2023-08-24,0,0,0,0,0,0,0,0,0,83444490,0,0,0,0,24030977
2023-08-25,0,0,0,0,0,0,0,0,0,83436396,0,0,0,0,24028550
2023-08-26,0,0,0,0,0,0,0,0,0,83903053,0,0,0,0,24021267
2023-08-27,0,0,0,0,0,0,0,0,0,83903388,0,0,0,0,24018359
2023-08-28,0,0,0,0,0,0,0,0,0,83896089,0,0,0,0,24018480
2023-08-29,0,0,0,0,0,0,0,0,0,83903388,0,0,0,0,24019922
2023-08-30,0,0,0,0,0,0,0,0,0,84071195,0,0,0,0,24029847
2023-08-31,0,0,0,0,0,0,0,0,0,84123111,0,0,0,0,24249942
2023-09-01,0,0,0,0,0,0,0,0,0,83970580,0,0,0,0,24224526
2023-09-02,0,0,0,0,0,0,0,0,0,84790912,0,0,0,0,24269114
2023-09-03,0,0,0,0,0,0,0,0,0,84835628,0,0,0,0,24277782
2023-09-04,0,0,0,0,0,0,0,0,0,84803555,0,0,0,0,24272708
2023-09-05,0,0,0,0,0,0,0,0,0,84849458,0,0,0,0,24248915
2023-09-06,0,0,0,0,0,0,0,0,0,84849374,0,0,0,0,25180820
2023-09-07,0,0,0,0,0,0,0,0,0,84849458,0,0,0,0,25190926
2023-09-08,0,0,0,0,0,0,0,0,0,84849458,0,0,0,0,25182130
2023-09-09,0,0,0,0,0,0,0,0,0,84824937,0,0,0,0,25188179
2023-09-10,0,0,0,0,0,0,0,0,0,84848525,0,0,0,0,25194378
2023-09-11,0,0,0,0,0,0,0,0,0,84934308,0,0,0,0,25226384
2023-09-12,0,0,0,0,0,0,0,0,0,84918679,0,0,0,0,25186686
2023-09-13,0,0,0,0,0,0,0,0,0,85003598,0,0,0,0,25199689
2023-09-14,0,0,0,0,0,0,0,0,0,84918679,0,0,0,0,25199617
2023-09-15,0,0,0,0,0,0,0,0,0,84871040,0,0,0,0,25211205
2023-09-16,0,0,0,0,0,0,0,0,0,85201334,0,0,0,0,25467301
2023-09-17,0,0,0,0,0,0,0,0,0,85186594,0,0,0,0,25469008
2023-09-18,0,0,0,0,0,0,0,0,0,85153366,0,0,0,0,25449316
2023-09-19,0,0,0,0,0,0,0,0,0,85194688,0,0,0,0,25499857
2023-09-20,0,0,0,0,0,0,0,0,0,85195115,0,0,0,0,25474383
2023-09-21,0,0,0,0,0,0,0,0,0,85510486,0,0,0,0,25474383
2023-09-22,0,0,0,0,0,0,0,0,0,85852575,0,0,0,0,25473135
2023-09-23,0,0,0,0,0,0,0,0,0,85844248,0,0,0,0,25474128
2023-09-24,0,0,0,0,0,0,0,0,0,85833602,0,0,0,0,25474383
2023-09-25,0,0,0,0,0,0,0,0,0,85938428,0,0,0,0,25474383
2023-09-26,0,0,0,0,0,0,0,0,0,85824330,0,0,0,0,25469339
2023-09-27,0,0,0,0,0,0,0,0,0,85812310,0,0,0,0,25470027
2023-09-28,0,0,0,0,0,0,0,0,0,85820037,0,0,0,0,27677196
2023-09-29,0,0,0,0,0,0,0,0,0,86408827,0,0,0,0,27708136
2023-09-30,0,0,0,0,0,0,0,0,0,86600804,0,0,0,0,27724383
2023-10-01,0,0,0,0,0,0,0,0,0,86558023,0,0,0,0,27770256
2023-10-02,0,0,0,0,0,0,0,0,0,86600804,0,0,0,0,27785217
2023-10-03,0,0,0,0,0,0,0,0,0,86675618,0,0,0,0,27791275
2023-10-04,0,0,0,0,0,0,0,0,0,87077698,0,0,0,0,28731578
2023-10-05,0,0,0,0,0,0,0,0,0,87037381,0,0,0,0,28702875
2023-10-06,0,0,0,0,0,0,0,0,0,87484018,0,0,0,0,28702875
2023-10-07,0,0,0,0,0,0,0,0,0,88109945,0,0,0,0,28702875
2023-10-08,0,0,0,0,0,0,0,0,0,88145294,0,0,0,0,28728518
2023-10-09,0,0,0,0,0,0,0,0,0,88147057,0,0,0,0,28728518
2023-10-10,0,0,0,0,0,0,0,0,0,88121140,0,0,0,0,28699818
2023-10-11,0,0,0,0,0,0,0,0,0,88434977,0,0,0,0,28699818
2023-10-12,0,0,0,0,0,0,0,0,0,88369269,0,0,0,0,28926868
2023-10-13,0,0,0,0,0,0,0,0,0,88782323,0,0,0,0,28926521
2023-10-14,0,0,0,0,0,0,0,0,0,88766164,0,0,0,0,28917235
2023-10-15,0,0,0,0,0,0,0,0,0,88775842,0,0,0,0,28934663
2023-10-16,0,0,0,0,0,0,0,0,0,88871105,0,0,0,0,28973094
2023-10-17,0,0,0,0,0,0,0,0,0,88942463,0,0,0,0,29002068
2023-10-18,0,0,0,0,0,0,0,0,0,88942730,0,0,0,0,29148144
2023-10-19,0,0,0,0,0,0,0,0,0,88985443,0,0,0,0,29148144
2023-10-20,0,0,0,0,0,0,0,0,0,89186427,0,0,0,0,29184579
2023-10-21,0,0,0,0,0,0,0,0,0,89149589,0,0,0,0,29155423
2023-10-22,0,0,0,0,0,0,0,0,0,89195971,0,0,0,0,29155423
2023-10-23,0,0,0,0,0,0,0,0,0,89285167,0,0,0,0,29155423
2023-10-24,0,0,0,0,0,0,0,0,0,89463559,0,0,0,0,29242890
2023-10-25,0,0,0,0,0,0,0,0,0,89078232,0,0,0,0,29148543
2023-10-26,0,0,0,0,0,0,0,0,0,89562886,0,0,0,0,29155423
2023-10-27,0,0,0,0,0,0,0,0,0,90168430,0,0,0,0,29138630
2023-10-28,0,0,0,0,0,0,0,0,0,90192511,0,0,0,0,29155423
2023-10-29,0,0,0,0,0,0,0,0,0,90174202,0,0,0,0,29135131
2023-10-30,0,0,0,0,0,0,0,0,0,90372896,0,0,0,0,29155423
2023-10-31,0,0,0,0,0,0,0,0,0,90192511,0,0,0,0,29324523
2023-11-01,0,0,0,0,0,0,0,0,0,90202959,0,0,0,0,29184579
2023-11-02,0,0,0,0,0,0,0,0,0,90189519,0,0,0,0,29353848
2023-11-03,0,0,0,0,0,0,0,0,0,90101390,0,0,0,0,29321943
2023-11-04,0,0,0,0,0,0,0,0,0,90202959,0,0,0,0,29353848
2023-11-05,0,0,0,0,0,0,0,0,0,90199712,0,0,0,0,29353848
2023-11-06,0,0,0,0,0,0,0,0,0,90293162,0,0,0,0,29353848
2023-11-07,0,0,0,0,0,0,0,0,0,90202959,0,0,0,0,29324523
2023-11-08,0,0,0,0,0,0,0,0,0,90297486,0,0,0,0,29324523
2023-11-09,0,0,0,0,0,0,0,0,0,90435483,0,0,0,0,29282736
2023-11-10,0,0,0,0,0,0,0,0,0,90817875,0,0,0,0,29318307
2023-11-11,0,0,0,0,0,0,0,0,0,90874852,0,0,0,0,29324523
2023-11-12,0,0,0,0,0,0,0,0,0,90974916,0,0,0,0,29353848
2023-11-13,0,0,0,0,0,0,0,0,0,90861129,0,0,0,0,29353848
2023-11-14,0,0,0,0,0,0,0,0,0,90884032,0,0,0,0,29313606
2023-11-15,0,0,0,0,0,0,0,0,0,90823161,0,0,0,0,29257116
2023-11-16,0,0,0,0,0,0,0,0,0,91280316,0,0,0,0,29259632
2023-11-17,0,0,0,0,0,0,0,0,0,91394215,0,0,0,0,29225779
2023-11-18,0,0,0,0,0,0,0,0,0,92193664,0,0,0,0,29318152
2023-11-19,0,0,0,0,0,0,0,0,0,92009645,0,0,0,0,29259632
2023-11-20,0,0,0,0,0,0,0,0,0,91931896,0,0,0,0,29259632
2023-11-21,0,0,0,0,0,0,0,0,0,91972657,0,0,0,0,29288892
2023-11-22,0,0,0,0,0,0,0,0,0,91930065,0,0,0,0,29139551
2023-11-23,0,0,0,0,0,0,0,0,0,92159947,0,0,0,0,29258462
2023-11-24,0,0,0,0,0,0,0,0,0,92159947,0,0,0,0,29258111
2023-11-25,0,0,0,0,0,0,0,0,0,92385190,0,0,0,0,29259632
2023-11-26,0,0,0,0,0,0,0,0,0,92385190,0,0,0,0,29259632
2023-11-27,0,0,0,0,0,0,0,0,0,92385190,0,0,0,0,29259632
2023-11-28,0,0,0,0,0,0,0,0,0,92457696,0,0,0,0,29247129
2023-11-29,0,0,0,0,0,0,0,0,0,92457696,0,0,0,0,29276376
2023-11-30,0,0,0,0,0,0,0,0,0,93125552,0,0,0,0,29276376
2023-12-01,0,0,0,0,0,0,0,0,0,93032520,0,0,0,0,29247129
2023-12-02,0,0,0,0,0,0,0,0,0,92964327,0,0,0,0,29247129
2023-12-03,0,0,0,0,0,0,0,0,0,93013913,0,0,0,0,29240343
2023-12-04,0,0,0,0,0,0,0,0,0,93125552,0,0,0,0,29276376
2023-12-05,0,0,0,0,0,0,0,0,0,92987399,0,0,0,0,29227621
2023-12-06,0,0,0,0,0,0,0,0,0,93016053,0,0,0,0,29240460
2023-12-07,0,0,0,0,0,0,0,0,0,93125552,0,0,0,0,29247129
2023-12-08,0,0,0,0,0,0,0,0,0,93374155,0,0,0,0,29247129
2023-12-09,0,0,0,0,0,0,0,0,0,93842026,0,0,0,0,29246485
2023-12-10,0,0,0,0,0,0,0,0,0,93935868,0,0,0,0,29247129
2023-12-11,0,0,0,0,0,0,0,0,0,93935868,0,0,0,0,29247129
2023-12-12,0,0,0,0,0,0,0,0,0,93842026,0,0,0,0,30095529
2023-12-13,0,0,0,0,0,0,0,0,0,93804771,0,0,0,0,30079307
2023-12-14,0,0,0,0,0,0,0,0,0,93740020,0,0,0,0,30092278
2023-12-15,0,0,0,0,0,0,0,0,0,93841174,0,0,0,0,30095529
2023-12-16,0,0,0,0,0,0,0,0,0,93917341,0,0,0,0,30062988
2023-12-17,0,0,0,0,0,0,0,0,0,94011258,0,0,0,0,30091253
2023-12-18,0,0,0,0,0,0,0,0,0,94199093,0,0,0,0,30103295
2023-12-19,0,0,0,0,0,0,0,0,0,93917341,0,0,0,0,30078309
2023-12-20,0,0,0,0,0,0,0,0,0,93895270,0,0,0,0,29809577
2023-12-21,0,0,0,0,0,0,0,0,0,94394854,0,0,0,0,29839386
2023-12-22,0,0,0,0,0,0,0,0,0,94183266,0,0,0,0,29809577
2023-12-23,0,0,0,0,0,0,0,0,0,94206441,0,0,0,0,30498845
2023-12-24,0,0,0,0,0,0,0,0,0,94111669,0,0,0,0,30468377
2023-12-25,0,0,0,0,0,0,0,0,0,94202231,0,0,0,0,30457804
2023-12-26,0,0,0,0,0,0,0,0,0,94288222,0,0,0,0,30450735
2023-12-27,0,0,0,0,0,0,0,0,0,94288222,0,0,0,0,30455945
2023-12-28,0,0,0,0,0,0,0,0,0,94476798,0,0,0,0,30407196
2023-12-29,0,0,0,0,0,0,0,0,0,94257672,0,0,0,0,30498845
2023-12-30,0,0,0,0,0,0,0,0,0,94253995,0,0,0,0,30455976
2023-12-31,0,0,0,0,0,0,0,0,0,94186108,0,0,0,0,30466427
2024-01-01,0,0,0,0,0,0,0,0,0,94382510,0,0,0,0,30468377
2024-01-02,0,0,0,0,0,0,0,0,0,94476798,0,0,0,0,30456585
2024-01-03,0,0,0,0,0,0,0,0,0,94288222,0,0,0,0,30657252
2024-01-04,0,0,0,0,0,0,0,0,0,94288222,0,0,0,0,30596060
2024-01-05,0,0,0,0,0,0,0,0,0,94782726,0,0,0,0,30596060
2024-01-06,0,0,0,0,0,0,0,0,0,94919847,0,0,0,0,30545881
2024-01-07,0,0,0,0,0,0,0,0,0,94959160,0,0,0,0,30421010
2024-01-08,0,0,0,0,0,0,0,0,0,94867620,0,0,0,0,30491731
2024-01-09,0,0,0,0,0,0,0,0,0,94956976,0,0,0,0,30474988
2024-01-10,0,0,0,0,0,0,0,0,0,94962982,0,0,0,0,30474988
2024-01-11,0,0,0,0,0,0,0,0,0,95067357,0,0,0,0,30432092
2024-01-12,0,0,0,0,0,0,0,0,0,95959658,0,0,0,0,30505433
2024-01-13,0,0,0,0,0,0,0,0,0,96062919,0,0,0,0,30444544
2024-01-14,0,0,0,0,0,0,0,0,0,95966952,0,0,0,0,30444544
2024-01-15,0,0,0,0,0,0,0,0,0,96062919,0,0,0,0,30430948
2024-01-16,0,0,0,0,0,0,0,0,0,95958315,0,0,0,0,30278789
2024-01-17,0,0,0,0,0,0,0,0,0,96040218,0,0,0,0,30291489
2024-01-18,0,0,0,0,0,0,0,0,0,96013421,0,0,0,0,30264190
2024-01-19,0,0,0,0,0,0,0,0,0,96902377,0,0,0,0,30322881
2024-01-20,0,0,0,0,0,0,0,0,0,97032375,0,0,0,0,30323123
2024-01-21,0,0,0,0,0,0,0,0,0,96969401,0,0,0,0,30398305
2024-01-22,0,0,0,0,0,0,0,0,0,97032375,0,0,0,0,30392583
2024-01-23,0,0,0,0,0,0,0,0,0,97066243,0,0,0,0,30425270
2024-01-24,0,0,0,0,0,0,0,0,0,97171826,0,0,0,0,30434340
2024-01-25,0,0,0,0,0,0,0,0,0,97063684,0,0,0,0,30399705
2024-01-26,0,0,0,0,0,0,0,0,0,97793838,0,0,0,0,30415227
2024-01-27,0,0,0,0,0,0,0,0,0,97784350,0,0,0,0,30423627
2024-01-28,0,0,0,0,0,0,0,0,0,97786796,0,0,0,0,30434735
2024-01-29,0,0,0,0,0,0,0,0,0,97912586,0,0,0,0,30433000
2024-01-30,0,0,0,0,0,0,0,0,0,97994732,0,0,0,0,30807485
2024-01-31,0,0,0,0,0,0,0,0,0,97994732,0,0,0,0,30838293
2024-02-01,0,0,0,0,0,0,0,0,0,97836628,0,0,0,0,30779296
2024-02-02,0,0,0,0,0,0,0,0,0,97753808,0,0,0,0,30777017
2024-02-03,0,0,0,0,0,0,0,0,0,98253183,0,0,0,0,30838293
2024-02-04,0,0,0,0,0,0,0,0,0,98207004,0,0,0,0,30775230
2024-02-05,0,0,0,0,0,0,0,0,0,98215552,0,0,0,0,30807485
2024-02-06,0,0,0,0,0,0,0,0,0,98231764,0,0,0,0,30763369
2024-02-07,0,0,0,0,0,0,0,0,0,98250235,0,0,0,0,30838293
2024-02-08,0,0,0,0,0,0,0,0,0,98351436,0,0,0,0,30838293
2024-02-09,0,0,0,0,0,0,0,0,0,98766811,0,0,0,0,31955244
2024-02-10,0,0,0,0,0,0,0,0,0,98611055,0,0,0,0,31959335
2024-02-11,0,0,0,0,0,0,0,0,0,98766811,0,0,0,0,31991295
2024-02-12,0,0,0,0,0,0,0,0,0,98865577,0,0,0,0,32087173
2024-02-13,0,0,0,0,0,0,0,0,0,98738168,0,0,0,0,32023254
2024-02-14,0,0,0,0,0,0,0,0,0,98865577,0,0,0,0,31991295
2024-02-15,0,0,0,0,0,0,0,0,0,98698365,0,0,0,0,31959335
2024-02-16,0,0,0,0,0,0,0,0,0,98715254,0,0,0,0,32573715
2024-02-17,0,0,0,0,0,0,0,0,0,98564931,0,0,0,0,32534667
2024-02-18,0,0,0,0,0,0,0,0,0,98707063,0,0,0,0,32502816
2024-02-19,0,0,0,0,0,0,0,0,0,98981344,0,0,0,0,32534667
2024-02-20,0,0,0,0,0,0,0,0,0,99279579,0,0,0,0,32567202
2024-02-21,0,0,0,0,0,0,0,0,0,99081613,0,0,0,0,32534667
2024-02-22,0,0,0,0,0,0,0,0,0,99081613,0,0,0,0,32511177
2024-02-23,0,0,0,0,0,0,0,0,0,99081613,0,0,0,0,32534667
2024-02-24,0,0,0,0,0,0,0,0,0,99405857,0,0,0,0,32567202
2024-02-25,0,0,0,0,0,0,0,0,0,99485589,0,0,0,0,32523182
2024-02-26,0,0,0,0,0,0,0,0,0,99631303,0,0,0,0,32534017
2024-02-27,0,0,0,0,0,0,0,0,0,99730835,0,0,0,0,32399327
2024-02-28,0,0,0,0,0,0,0,0,0,99478821,0,0,0,0,32430194
2024-02-29,0,0,0,0,0,0,0,0,0,99193961,0,0,0,0,32327580
2024-03-01,0,0,0,0,0,0,0,0,0,99296777,0,0,0,0,32806204
2024-03-02,0,0,0,0,0,0,0,0,0,99529394,0,0,0,0,32839010
2024-03-03,0,0,0,0,0,0,0,0,0,100372402,0,0,0,0,32839010
2024-03-04,0,0,0,0,0,0,0,0,0,100072186,0,0,0,0,32904623
2024-03-05,0,0,0,0,0,0,0,0,0,100028354,0,0,0,0,32780386
2024-03-06,0,0,0,0,0,0,0,0,0,99057954,0,0,0,0,32871816
2024-03-07,0,0,0,0,0,0,0,0,0,100072186,0,0,0,0,32839010
2024-03-08,38339565,0,0,0,0,0,0,0,0,99527693,0,0,0,0,33443904
2024-03-09,0,0,0,0,0,0,0,0,0,100303247,0,0,0,0,33544236
2024-03-10,0,0,0,0,0,0,0,0,0,101271479,0,0,0,0,33506550
2024-03-11,0,0,0,0,0,0,0,0,0,100326043,0,0,0,0,33506550
2024-03-12,44363002,0,0,0,0,0,0,0,0,101069743,0,0,0,0,30994048
2024-03-13,44369524,0,0,0,0,0,0,0,0,101175657,0,0,0,0,30990794
2024-03-14,26858403,0,0,0,0,0,0,0,0,100368976,0,0,0,0,30995425
2024-03-15,26861481,0,0,0,0,0,0,0,0,101268497,0,0,0,0,30968428
2024-03-16,0,0,0,0,0,0,0,0,0,100847439,0,0,0,0,30966940
2024-03-17,0,0,0,0,0,0,0,0,0,100828015,0,0,0,0,30967181
2024-03-18,0,0,0,0,0,0,0,0,0,101130910,0,0,0,0,31624440
2024-03-19,31881339,0,0,0,0,0,0,0,0,101074627,0,0,0,0,31497656
2024-03-20,31886018,0,0,0,0,0,0,0,0,100857161,0,0,0,0,31638517
2024-03-21,31890680,0,0,0,0,0,0,0,0,100748833,0,0,0,0,31452688
2024-03-22,31895365,0,0,0,0,0,0,0,0,100737798,0,0,0,0,31888826
2024-03-23,0,0,0,0,0,0,0,0,0,101211707,0,0,0,0,31899417
2024-03-24,0,0,0,0,0,0,0,0,0,100620763,0,0,0,0,31931317
2024-03-25,0,0,0,0,0,0,0,0,0,101068963,0,0,0,0,31889720
2024-03-26,22806399,0,0,0,0,0,0,0,0,101507066,0,0,0,0,31931317
2024-03-27,73309352,0,0,0,0,0,0,0,0,101001836,0,0,0,0,31931317
2024-03-28,83429654,0,0,0,0,0,0,0,0,102163206,0,0,0,0,31846464
2024-03-29,0,0,0,0,0,0,0,0,0,102227059,0,0,0,0,31899417
2024-03-30,0,0,0,0,0,0,0,0,0,102227059,0,0,0,0,31999417
2024-03-31,0,0,0,0,0,0,0,0,0,102023013,0,0,0,0,31999417
2024-04-01,0,0,0,0,0,0,0,0,0,102227059,0,0,0,0,32031417
2024-04-02,86491045,0,0,0,0,0,0,0,0,102227059,0,0,0,0,32031417
2024-04-03,86503730,0,0,0,0,0,0,0,0,102227059,0,0,0,0,31218496
2024-04-04,86516415,0,0,0,0,0,0,0,0,101817233,0,0,0,0,31156183
2024-04-05,86529126,0,0,0,0,0,0,0,0,102869340,0,0,0,0,31156183
2024-04-06,0,0,0,0,0,0,0,0,0,103074463,0,0,0,0,31192516
2024-04-07,0,0,0,0,0,0,0,0,0,102664216,0,0,0,0,31280269
2024-04-08,0,0,0,0,0,0,0,0,0,102375403,0,0,0,0,31214836
2024-04-09,86579960,0,0,0,0,0,0,0,0,102561655,0,0,0,0,31213119
2024-04-10,86592684,0,0,0,0,0,0,0,0,102412735,0,0,0,0,29594501
2024-04-11,86605403,0,0,0,0,0,0,0,0,102260534,0,0,0,0,29600895
2024-04-12,86618131,0,0,0,0,0,0,0,0,102540630,0,0,0,0,29890495
2024-04-13,0,0,0,0,0,0,0,0,0,102664216,0,0,0,0,29890495
2024-04-14,0,0,0,0,0,0,0,0,0,102766778,0,0,0,0,29924489
2024-04-15,0,0,0,0,0,0,0,0,0,103279586,0,0,0,0,29894595
2024-04-16,99342190,0,0,0,0,0,0,0,0,102766778,0,0,0,0,29924489
2024-04-17,99356789,0,0,0,0,0,0,0,0,102766778,0,0,0,0,29927492
2024-04-18,99471412,0,0,0,0,0,0,0,0,102664216,0,0,0,0,30210095
2024-04-19,99486035,0,0,0,0,0,0,0,0,103041939,0,0,0,0,30209491
2024-04-20,0,0,0,0,0,0,0,0,0,102814496,0,0,0,0,30209430
2024-04-21,0,0,0,0,0,0,0,0,0,102884586,0,0,0,0,30210095
2024-04-22,0,0,0,0,0,0,0,0,0,103229576,0,0,0,0,30205624
2024-04-23,101828917,0,0,0,0,0,0,0,0,103126655,0,0,0,0,30240305
2024-04-24,93722913,0,0,0,0,0,0,0,0,102497192,0,0,0,0,30210095
2024-04-25,93736806,0,0,0,0,0,0,0,0,103126655,0,0,0,0,30418372
2024-04-26,95725919,0,0,0,0,0,0,0,0,103023734,0,0,0,0,30443945
2024-04-27,0,0,0,0,0,0,0,0,0,102675039,0,0,0,0,30443671
2024-04-28,0,0,0,0,0,0,0,0,0,102839506,0,0,0,0,30423152
2024-04-29,0,0,0,0,0,0,0,0,0,102920814,0,0,0,0,30431554
2024-04-30,96032146,0,0,0,0,0,0,0,0,102891070,0,0,0,0,30443945
2024-05-01,96046267,0,0,0,0,0,0,0,0,103126655,0,0,0,0,30860111
2024-05-02,96060388,0,0,0,0,0,0,0,0,102670407,0,0,0,0,30848213
2024-05-03,85909854,0,0,0,0,0,0,0,0,102074805,0,0,0,0,30895091
2024-05-04,0,0,0,0,0,0,0,0,0,103275802,0,0,0,0,30932296
2024-05-05,0,0,0,0,0,0,0,0,0,103813689,0,0,0,0,30932296
2024-05-06,0,0,0,0,0,0,0,0,0,103398331,0,0,0,0,30901395
2024-05-07,85960464,0,0,0,0,0,0,0,0,103710289,0,0,0,0,30901395
2024-05-08,85973099,0,0,0,0,0,0,0,0,104123890,0,0,0,0,29472178
2024-05-09,85985734,0,0,0,0,0,0,0,0,103503489,0,0,0,0,29429633
2024-05-10,85998378,0,0,0,0,0,0,0,0,104000975,0,0,0,0,29946635
2024-05-11,0,0,0,0,0,0,0,0,0,104104872,0,0,0,0,29931692
2024-05-12,0,0,0,0,0,0,0,0,0,102982991,0,0,0,0,29946635
2024-05-13,0,0,0,0,0,0,0,0,0,103825597,0,0,0,0,29936273
2024-05-14,103048929,0,0,0,0,0,0,0,0,104000975,0,0,0,0,29928308
2024-05-15,104281410,0,0,0,0,0,0,0,0,104312666,0,0,0,0,29932111
2024-05-16,107296720,0,0,0,0,0,0,0,0,104208769,0,0,0,0,30305560
2024-05-17,99755573,0,0,0,0,0,0,0,0,104837185,0,0,0,0,30275285
2024-05-18,0,0,0,0,0,0,0,0,0,104472506,0,0,0,0,30275285
2024-05-19,0,0,0,0,0,0,0,0,0,104530737,0,0,0,0,30275285
2024-05-20,0,0,0,0,0,0,0,0,0,104732452,0,0,0,0,30274952
2024-05-21,115536924,0,0,0,0,0,0,0,0,104672755,0,0,0,0,30275285
2024-05-22,115553952,0,0,0,0,0,0,0,0,105151382,0,0,0,0,29862345
2024-05-23,114316398,0,0,0,0,0,0,0,0,105046649,0,0,0,0,30145538
2024-05-24,111274394,0,0,0,0,0,0,0,0,104522359,0,0,0,0,30133384
2024-05-25,0,0,0,0,0,0,0,0,0,105500127,0,0,0,0,30159170
2024-05-26,0,0,0,0,0,0,0,0,0,105142523,0,0,0,0,30148976
2024-05-27,0,0,0,0,0,0,0,0,0,105243807,0,0,0,0,30159170
2024-05-28,0,0,0,0,0,0,0,0,0,105500127,0,0,0,0,30147167
2024-05-29,111356190,0,0,0,0,0,0,0,0,105008671,0,0,0,0,30453085
2024-05-30,111372560,0,0,0,0,0,0,0,0,105137991,0,0,0,0,30435045
2024-05-31,111388919,0,0,0,0,0,0,0,0,105605522,0,0,0,0,30468382
2024-06-01,0,0,0,0,0,0,0,0,0,106757612,0,0,0,0,30435319
2024-06-02,0,0,0,0,0,0,0,0,0,106256566,0,0,0,0,30450769
2024-06-03,0,0,0,0,0,0,0,0,0,106350739,0,0,0,0,30466219
2024-06-04,114171048,0,0,0,0,0,0,0,0,107077565,0,0,0,0,30095999
2024-06-05,133690008,0,0,0,0,0,0,0,0,106530710,0,0,0,0,30095999
2024-06-06,133709628,0,0,0,0,0,0,0,0,106483644,0,0,0,0,31012991
2024-06-07,133729248,0,0,0,0,0,0,0,0,106710540,0,0,0,0,31013549
2024-06-08,0,0,0,0,0,0,0,0,0,107041444,0,0,0,0,31008556
2024-06-09,0,0,0,0,0,0,0,0,0,107723479,0,0,0,0,31004772
2024-06-10,0,0,0,0,0,0,0,0,0,107723479,0,0,0,0,31009176
2024-06-11,133807755,0,0,0,0,0,0,0,0,106869961,0,0,0,0,31005641
2024-06-12,133827401,0,0,0,0,0,0,0,0,107355093,0,0,0,0,30886785
2024-06-13,133848234,0,0,0,0,0,0,0,0,107171759,0,0,0,0,31256116
2024-06-14,133867881,0,0,0,0,0,0,0,0,107398805,0,0,0,0,31255835
2024-06-15,0,0,0,0,0,0,0,0,0,107385161,0,0,0,0,31243484
2024-06-16,0,0,0,0,0,0,0,0,0,107777510,0,0,0,0,31253959
2024-06-17,0,0,0,0,0,0,0,0,0,107453962,0,0,0,0,31247893
2024-06-18,128829678,0,0,0,0,0,0,0,0,107777510,0,0,0,0,31246048
2024-06-19,0,0,0,0,0,0,0,0,0,107885180,0,0,0,0,31121143
2024-06-20,0,0,0,0,0,0,0,0,0,107621712,0,0,0,0,31140731
2024-06-21,128886530,0,0,0,0,0,0,0,0,107992850,0,0,0,0,31122793
2024-06-22,0,0,0,0,0,0,0,0,0,107871176,0,0,0,0,31118963
2024-06-23,0,0,0,0,0,0,0,0,0,107763413,0,0,0,0,31141665
2024-06-24,0,0,0,0,0,0,0,0,0,107618579,0,0,0,0,31123260
2024-06-25,128962126,0,0,0,0,0,0,0,0,108086703,0,0,0,0,31142475
2024-06-26,121479183,0,0,0,0,0,0,0,0,108204067,0,0,0,0,31290343
2024-06-27,121496944,0,0,0,0,0,0,0,0,107701090,0,0,0,0,31268501
2024-06-28,121514729,0,0,0,0,0,0,0,0,107415384,0,0,0,0,31244563
2024-06-29,0,0,0,0,0,0,0,0,0,108431287,0,0,0,0,31227822
2024-06-30,0,0,0,0,0,0,0,0,0,108426077,0,0,0,0,31242999
2024-07-01,0,0,0,0,0,0,0,0,0,108552975,0,0,0,0,31253262
2024-07-02,102552282,0,0,0,0,0,0,0,0,108661528,0,0,0,0,31276825
2024-07-03,102567313,0,0,0,0,0,0,0,0,108325665,0,0,0,0,30938717
2024-07-04,0,0,0,0,0,0,0,0,0,108661528,0,0,0,0,30970973
2024-07-05,0,0,0,0,0,0,0,0,0,108981654,0,0,0,0,30973978
2024-07-06,0,0,0,0,0,0,0,0,0,109164430,0,0,0,0,30984947
2024-07-07,0,0,0,0,0,0,0,0,0,108932142,0,0,0,0,30983862
2024-07-08,0,0,0,0,0,0,0,0,0,109600652,0,0,0,0,31015932
2024-07-09,102657468,0,0,0,0,0,0,0,0,109382541,0,0,0,0,31015932
2024-07-10,102672529,0,0,0,0,0,0,0,0,108632458,0,0,0,0,30859199
2024-07-11,95633215,0,0,0,0,0,0,0,0,109382541,0,0,0,0,30850680
2024-07-12,85379906,0,0,0,0,0,0,0,0,108243022,0,0,0,0,33365111
2024-07-13,0,0,0,0,0,0,0,0,0,109286552,0,0,0,0,33331779
2024-07-14,0,0,0,0,0,0,0,0,0,109287099,0,0,0,0,33331779
2024-07-15,0,0,0,0,0,0,0,0,0,109037933,0,0,0,0,33431775
2024-07-16,85430072,0,0,0,0,0,0,0,0,109085753,0,0,0,0,33331779
2024-07-17,81441426,0,0,0,0,0,0,0,0,109202184,0,0,0,0,33420459
2024-07-18,81453516,0,0,0,0,0,0,0,0,109626029,0,0,0,0,33439018
2024-07-19,81465459,0,0,0,0,0,0,0,0,109735546,0,0,0,0,33439821
2024-07-20,0,0,0,0,0,0,0,0,0,109624868,0,0,0,0,33473260
2024-07-21,0,0,0,0,0,0,0,0,0,110381273,0,0,0,0,33439821
2024-07-22,0,0,0,0,0,0,0,0,0,109968327,0,0,0,0,33439821
2024-07-23,81513174,0,0,0,0,0,0,0,0,109915601,0,0,0,0,33439821
2024-07-24,81525125,0,0,0,0,0,0,0,0,110513125,0,0,0,0,33439821
2024-07-25,81537075,0,0,0,0,0,0,0,0,111513630,0,0,0,0,34362871
2024-07-26,81549033,0,0,0,0,0,0,0,0,112533907,0,0,0,0,34349125
2024-07-27,0,0,0,0,0,0,0,0,0,111530136,0,0,0,0,34362355
2024-07-28,0,0,0,0,0,0,0,0,0,111436897,0,0,0,0,34397233
2024-07-29,0,0,0,0,0,0,0,0,0,111864727,0,0,0,0,34360740
2024-07-30,88856975,0,0,0,0,0,0,0,0,111005721,0,0,0,0,34357922
2024-07-31,88870005,0,0,0,0,0,0,0,0,111304622,0,0,0,0,33998602
2024-08-01,88883075,0,0,0,0,0,0,0,0,111249749,0,0,0,0,34020638
2024-08-02,97145393,0,0,0,0,0,0,0,0,111962490,0,0,0,0,34573943
2024-08-03,97357453,0,0,0,0,0,0,0,0,112298042,0,0,0,0,34563702
2024-08-04,97165069,0,0,0,0,0,0,0,0,112409892,0,0,0,0,34560935
2024-08-05,97130093,0,0,0,0,0,0,0,0,112745444,0,0,0,0,34596777
2024-08-06,78422414,0,0,0,0,0,0,0,0,112298042,0,0,0,0,34667824
2024-08-07,81049953,0,0,0,0,0,0,0,0,111850639,0,0,0,0,34633225
2024-08-08,89071193,0,0,0,0,0,0,0,0,110764458,0,0,0,0,35352333
2024-08-09,89399395,0,0,0,0,0,0,0,0,113478360,0,0,0,0,35338613
2024-08-10,93962940,0,0,0,0,0,0,0,0,113478360,0,0,0,0,35430797
2024-08-11,94001286,0,0,0,0,0,0,0,0,113591386,0,0,0,0,35348267
2024-08-12,93798294,0,0,0,0,0,0,0,0,112646148,0,0,0,0,35358521
2024-08-13,104341871,0,0,0,0,0,0,0,0,113365334,0,0,0,0,35333804
2024-08-14,104150932,0,0,0,0,0,0,0,0,113139281,0,0,0,0,35360077
2024-08-15,107791467,0,0,0,0,0,0,0,0,112699682,0,0,0,0,35360077
2024-08-16,107905328,0,0,0,0,0,0,0,0,111853669,0,0,0,0,35343528
2024-08-17,108027015,0,0,0,0,0,0,0,0,112560546,0,0,0,0,35707749
2024-08-18,107885131,0,0,0,0,0,0,0,0,112867777,0,0,0,0,35668438
2024-08-19,107902389,0,0,0,0,0,0,0,0,113344797,0,0,0,0,35707749
2024-08-20,107864771,0,0,0,0,0,0,0,0,113118560,0,0,0,0,35707749
2024-08-21,108113640,0,0,0,0,0,0,0,0,112904314,0,0,0,0,35778040
2024-08-22,109245464,0,0,0,0,0,0,0,0,112687013,0,0,0,0,36063861
2024-08-23,112203435,0,0,0,0,0,0,0,0,114261398,0,0,0,0,36072807
2024-08-24,112280517,0,0,0,0,0,0,0,0,113646601,0,0,0,0,36109313
2024-08-25,112221794,0,0,0,0,0,0,0,0,114075680,0,0,0,0,36073240
2024-08-26,112139011,0,0,0,0,0,0,0,0,114832134,0,0,0,0,36109313
2024-08-27,112323237,0,0,0,0,0,0,0,0,113634273,0,0,0,0,36073240
2024-08-28,109139635,0,0,0,0,0,0,0,0,114026254,0,0,0,0,35758344
2024-08-29,109361714,0,0,0,0,0,0,0,0,114261398,0,0,0,0,35686220
2024-08-30,110014756,0,0,0,0,0,0,0,0,114940962,0,0,0,0,35714619
2024-08-31,110301921,0,0,0,0,0,0,0,0,115427967,0,0,0,0,35717441
2024-09-01,110293509,0,0,0,0,0,0,0,0,115312999,0,0,0,0,36613250
2024-09-02,110172952,0,0,0,0,0,0,0,0,115312999,0,0,0,0,36651586
2024-09-03,110254788,0,0,0,0,0,0,0,0,115198031,0,0,0,0,36651586
2024-09-04,110772940,0,0,0,0,0,0,0,0,113576636,0,0,0,0,36605048
2024-09-05,112613543,0,0,0,0,0,0,0,0,115312999,0,0,0,0,36818671
2024-09-06,112291529,0,0,0,0,0,0,0,0,115312999,0,0,0,0,36808362
2024-09-07,112204327,0,0,0,0,0,0,0,0,114036021,0,0,0,0,37619403
2024-09-08,112219142,0,0,0,0,0,0,0,0,115319410,0,0,0,0,37578063
2024-09-09,112331361,0,0,0,0,0,0,0,0,115282788,0,0,0,0,37619403
2024-09-10,96517327,0,0,0,0,0,0,0,0,118551879,0,0,0,0,37619403
2024-09-11,96626952,0,0,0,0,0,0,0,0,115609283,0,0,0,0,37581821
2024-09-12,96653031,0,0,0,0,0,0,0,0,115840271,0,0,0,0,37619403
2024-09-13,96868810,0,0,0,0,0,0,0,0,114982960,0,0,0,0,37572501
2024-09-14,96882672,0,0,0,0,0,0,0,0,116201344,0,0,0,0,38509521
2024-09-15,96882672,0,0,0,0,0,0,0,0,115431755,0,0,0,0,38509521
2024-09-16,96724560,0,0,0,0,0,0,0,0,115623227,0,0,0,0,38506402
2024-09-17,96871892,0,0,0,0,0,0,0,0,115738851,0,0,0,0,38501704
2024-09-18,97612652,0,0,0,0,0,0,0,0,115738851,0,0,0,0,38771893
2024-09-19,98438098,0,0,0,0,0,0,0,0,115074480,0,0,0,0,38895137
2024-09-20,98417512,0,0,0,0,0,0,0,0,115854474,0,0,0,0,39036999
2024-09-21,98478236,0,0,0,0,0,0,0,0,116041272,0,0,0,0,39076309
2024-09-22,98540908,0,0,0,0,0,0,0,0,116403494,0,0,0,0,39076309
2024-09-23,98374768,0,0,0,0,0,0,0,0,116403494,0,0,0,0,39154462
2024-09-24,98510120,0,0,0,0,0,0,0,0,115813460,0,0,0,0,39076309
2024-09-25,100402861,0,0,0,0,0,0,0,0,115717038,0,0,0,0,39107261
2024-09-26,100416934,0,0,0,0,0,0,0,0,115569385,0,0,0,0,39073316
2024-09-27,100531438,0,0,0,0,0,0,0,0,116164530,0,0,0,0,39146369
2024-09-28,100444954,0,0,0,0,0,0,0,0,116467362,0,0,0,0,39728876
2024-09-29,100444954,0,0,0,0,0,0,0,0,116288187,0,0,0,0,39729511
2024-09-30,100430993,0,0,0,0,0,0,0,0,116268964,0,0,0,0,39729511
2024-10-01,102788011,0,0,0,0,0,0,0,0,116498816,0,0,0,0,39722360
2024-10-02,102785133,0,0,0,0,0,0,0,0,116964812,0,0,0,0,39704760
2024-10-03,103088234,0,0,0,0,0,0,0,0,116964812,0,0,0,0,39834503
2024-10-04,103107271,0,0,0,0,0,0,0,0,117163293,0,0,0,0,39906269
2024-10-05,103172811,0,0,0,0,0,0,0,0,117448088,0,0,0,0,40174691
2024-10-06,103282181,0,0,0,0,0,0,0,0,117314447,0,0,0,0,40162438
2024-10-07,103385360,0,0,0,0,0,0,0,0,117321852,0,0,0,0,40172803
2024-10-08,103173689,0,0,0,0,0,0,0,0,117538122,0,0,0,0,39557414
2024-10-09,108429252,0,0,0,0,0,0,0,0,117655661,0,0,0,0,39641415
2024-10-10,108594681,0,0,0,0,0,0,0,0,117410359,0,0,0,0,40466242
2024-10-11,109131605,0,0,0,0,0,0,0,0,118125813,0,0,0,0,40309010
2024-10-12,107605225,0,0,0,0,0,0,0,0,118406335,0,0,0,0,40339870
2024-10-13,107886144,0,0,0,0,0,0,0,0,118321878,0,0,0,0,40446658
2024-10-14,107861648,0,0,0,0,0,0,0,0,118690149,0,0,0,0,40411874
2024-10-15,108235650,0,0,0,0,0,0,0,0,118414627,0,0,0,0,41263500
2024-10-16,108112422,0,0,0,0,0,0,0,0,118050383,0,0,0,0,41777752
2024-10-17,112980181,0,0,0,0,0,0,0,0,118150002,0,0,0,0,41730048
2024-10-18,115427735,0,0,0,0,0,0,0,0,118571696,0,0,0,0,42282531
2024-10-19,117917261,0,0,0,0,0,0,0,0,119911162,0,0,0,0,42278301
2024-10-20,117964213,0,0,0,0,0,0,0,0,119131501,0,0,0,0,42290187
2024-10-21,118085838,0,0,0,0,0,0,0,0,118505960,0,0,0,0,42341115
2024-10-22,118087369,0,0,0,0,0,0,0,0,118269714,0,0,0,0,42289257
2024-10-23,113886065,0,0,0,0,0,0,0,0,119195986,0,0,0,0,42276356
2024-10-24,105881759,0,0,0,0,0,0,0,0,118817181,0,0,0,0,42254699
2024-10-25,104285432,0,0,0,0,0,0,0,0,119130309,0,0,0,0,42297124
2024-10-26,104511424,0,0,0,0,0,0,0,35,119657292,0,0,0,0,42592351
2024-10-27,104407017,0,0,0,0,0,0,0,35,119328324,0,0,0,0,42611810
2024-10-28,104361808,0,0,0,0,0,0,0,35,120374518,0,0,0,0,42615053
2024-10-29,104448269,0,0,0,0,0,0,0,62,119537754,0,0,0,0,42650941
2024-10-30,107074348,0,0,0,0,0,0,0,118,120254980,0,0,0,0,42638566
2024-10-31,107015409,0,0,0,0,0,0,0,146,120015905,0,0,0,0,42673216
2024-11-01,108036556,0,0,0,0,0,0,0,140,119531179,0,0,0,0,42841825
2024-11-02,106822785,0,0,0,0,0,0,0,139,120122787,0,0,0,0,42907562
2024-11-03,106840384,0,0,0,0,0,0,0,138,120253973,0,0,0,0,42652905
2024-11-04,106752985,0,0,0,0,0,0,0,136,120974776,0,0,0,0,43407215
2024-11-05,107919634,0,0,0,0,0,0,0,134,119998569,0,0,0,0,42661999
2024-11-06,113022003,0,0,0,0,0,0,0,125,119874350,0,0,0,0,43262264
2024-11-07,102325647,0,0,0,0,0,0,0,138,120253973,0,0,0,0,43308341
2024-11-08,102411631,0,0,0,0,0,0,0,21657051,119774399,0,0,0,0,43265076
2024-11-09,102987881,0,0,0,0,0,0,0,22195025,119877922,0,0,0,0,43571476
2024-11-10,102925679,0,0,0,0,0,0,0,23200365,120499610,0,0,0,0,43571476
2024-11-11,102925679,0,0,0,0,0,0,0,23502379,120366658,0,0,0,0,43658619
2024-11-12,103749084,0,0,0,0,0,0,0,34868868,120436392,0,0,0,0,43331964
2024-11-13,100874059,0,0,0,0,0,0,0,34273270,121249062,0,0,0,0,43615047
2024-11-14,101007652,0,0,0,0,0,0,0,34163184,119801191,0,0,0,0,43616048
2024-11-15,100918494,0,0,0,0,0,0,0,33103945,120249632,0,0,0,0,43454482
2024-11-16,101095723,0,0,0,0,0,0,0,33743166,122510119,0,0,0,0,43397325
2024-11-17,101095723,0,0,0,0,0,0,0,34062845,121536115,0,0,0,0,43420810
2024-11-18,101297915,0,0,0,0,0,0,0,33336717,121368029,0,0,0,0,43464231
2024-11-19,101069009,0,0,0,0,0,0,0,34067338,121004850,0,0,0,0,43507652
2024-11-20,101147647,0,0,0,0,0,0,0,33800656,122707673,0,0,0,0,43608403
2024-11-21,99173204,0,0,0,0,0,0,0,33935547,123669575,0,0,0,0,44487403
2024-11-22,99185871,0,0,0,0,0,0,0,36677132,123898511,0,0,0,0,44487403
2024-11-23,99185136,0,0,0,0,0,0,0,36278441,124437616,0,0,0,0,44487403
2024-11-24,99297727,0,0,0,0,0,0,0,36850424,124313427,0,0,0,0,44585451
2024-11-25,99396925,0,0,0,0,0,0,0,36496177,124685994,0,0,0,0,44489198
2024-11-26,99085177,0,0,0,0,0,0,0,36461693,123439135,0,0,0,0,44523761
2024-11-27,95845779,0,0,0,0,0,0,0,35550334,124313427,0,0,0,0,44487862
2024-11-28,99158395,0,0,0,0,0,0,0,38632964,123764510,0,0,0,0,45167910
2024-11-29,99155420,0,0,0,0,0,0,0,37960073,124118946,0,0,0,0,44989827
2024-11-30,99145769,0,0,0,0,0,0,0,38070645,124313427,0,0,0,0,45034817
2024-12-01,99143686,0,0,0,0,0,0,0,38721481,124072872,0,0,0,0,44982898
2024-12-02,99170859,0,0,0,0,0,0,0,39078915,124313427,0,0,0,0,45034817
2024-12-03,99168812,0,0,0,0,0,0,0,37991815,123719678,0,0,0,0,45034817
2024-12-04,99333417,0,0,0,0,0,0,0,38083395,124437616,0,0,0,0,48531910
2024-12-05,95643321,0,0,0,0,0,0,0,40118616,126548833,0,0,0,0,48531910
2024-12-06,95390979,0,0,0,0,0,0,0,39141589,125629988,0,0,0,0,48900328
2024-12-07,95668545,0,0,0,0,0,0,0,40936724,125505996,0,0,0,0,48900328
2024-12-08,95569054,0,0,0,0,0,0,0,40900772,125221791,0,0,0,0,48900328
2024-12-09,95668545,0,0,0,38082829,0,0,0,40907223,125255485,0,0,0,0,48900328
2024-12-10,97584333,0,0,0,38150707,0,0,0,38617626,124636723,0,0,0,0,48949180
2024-12-11,97719144,0,0,0,38112595,0,0,0,37975253,125505996,0,0,0,0,48851477
2024-12-12,97514539,0,0,0,38101580,0,0,0,39929490,125756507,0,0,0,0,50232677
2024-12-13,97646108,0,0,0,38167106,0,0,0,40119372,125086140,0,0,0,0,50282909
2024-12-14,97644151,0,0,0,38177108,0,0,0,40398525,127107831,0,0,0,0,50282909
2024-12-15,97658507,0,0,0,38177108,0,0,0,40110378,127488773,0,0,0,0,50216653
2024-12-16,97628233,10412185,0,0,38176497,0,0,0,41130905,127361793,0,0,0,0,50195310
2024-12-17,97671314,65433016,0,0,38177590,0,0,0,41848210,127368730,0,0,0,0,50825451
2024-12-18,97294150,70332513,0,0,38189889,0,0,0,41198793,126776284,0,0,0,0,50774677
2024-12-19,97102711,70499062,0,0,38233929,0,0,0,38724634,127488773,0,0,0,0,50843527
2024-12-20,96505126,79031451,0,0,38161739,0,0,0,48286161,127234812,0,0,0,0,50715223
2024-12-21,96589225,79220792,0,0,38233929,0,0,0,53496649,127406522,0,0,0,0,50705739
2024-12-22,96417586,79130277,0,0,38127859,0,0,0,55197048,127666466,0,0,0,0,50634738
2024-12-23,96589225,79221288,0,0,38233929,0,0,0,58174812,128309163,0,0,0,0,50673433
2024-12-24,95777287,79120898,0,0,38194664,0,0,0,66591843,127829699,0,0,0,0,50658422
2024-12-25,95716470,89354556,0,0,38195733,0,0,0,65725050,126939338,0,0,0,0,50687634
2024-12-26,95812090,89354556,0,0,38233929,0,0,0,65933583,128309163,0,0,0,0,50683221
2024-12-27,95538670,89231061,0,0,38189011,0,0,0,64455394,128053312,0,0,0,0,50652133
2024-12-28,95606981,89317551,0,0,38230674,0,0,0,64153409,128053312,0,0,0,0,50634941
2024-12-29,95655096,89314960,0,0,38286248,0,0,0,64807701,128565014,0,0,0,0,50655632
2024-12-30,95524525,89354029,0,0,38240389,0,0,0,64176485,128309163,0,0,0,0,50598273
2024-12-31,95667899,89326597,0,0,38286248,0,0,0,63998785,127917978,0,0,0,0,50639809
2025-01-01,95654720,89280329,0,0,38229258,0,0,0,63882963,127671940,0,0,0,0,50611003
2025-01-02,95667927,89354046,0,0,38286248,0,0,0,64203913,127918884,0,0,0,0,50619878
2025-01-03,94894953,89252540,0,0,38248000,0,0,0,65013659,127449866,0,0,0,0,50674549
2025-01-04,99875318,89354046,0,0,38229870,0,0,0,66215788,127790921,0,0,0,0,50671963
2025-01-05,99875318,89328836,0,0,38248000,0,0,0,66555387,128143651,0,0,0,0,50658422
2025-01-06,99975193,89443746,0,0,38286248,0,0,0,66524142,128284782,0,0,0,0,50765938
2025-01-07,100840721,89344026,0,0,38295128,0,0,0,54204916,127562309,0,0,0,0,50765938
2025-01-08,100847721,89282729,0,0,38281380,0,0,0,52459542,128365060,0,0,0,0,50689409
2025-01-09,97626691,89354336,0,0,38292715,0,0,0,51744531,125704561,0,0,0,0,50980301
2025-01-10,100495435,89353438,0,0,38294591,0,0,0,51178193,129258169,0,0,0,0,50991775
2025-01-11,100504243,89348702,0,0,38292255,0,0,0,51315827,127573350,0,0,0,0,50983769
2025-01-12,100509470,89354961,0,0,38295128,0,0,0,51553411,127956022,0,0,0,0,50970816
2025-01-13,100489268,89344345,0,0,38290034,0,0,0,51399974,128008427,0,0,0,0,50053772
2025-01-14,98098332,89354698,0,0,38294898,0,0,0,50043917,127571134,0,0,0,0,50062788
2025-01-15,108184002,89352475,0,0,38295128,0,0,0,50983231,128215115,0,0,0,0,50499247
2025-01-16,108197278,89355349,0,0,38294936,0,0,0,52321496,127709840,0,0,0,0,50516473
2025-01-17,108201522,89346511,0,0,38292409,0,0,0,69318608,127458770,0,0,0,0,50012422
2025-01-18,108220876,89355756,0,0,38295051,0,0,0,60527467,128732395,0,0,0,0,50280476
2025-01-19,108221634,89354690,0,0,38295128,0,0,0,83992193,129253529,0,0,0,0,50354320
2025-01-20,108221634,89354690,0,0,38295128,0,0,0,84227760,128596576,0,0,0,0,50342224
2025-01-21,108221093,89354690,0,0,38294936,0,0,0,83239029,128003992,0,0,0,0,50344089
2025-01-22,108234025,89354853,0,0,38295128,0,0,0,78589610,129025955,0,0,0,0,50509728
2025-01-23,108285949,89354033,0,0,38295128,0,0,0,76243372,129382856,0,0,0,0,50499373
2025-01-24,108849023,89896200,0,0,38294859,0,0,0,75740226,129511980,0,0,0,0,50511647
2025-01-25,108849023,89358699,0,0,38292830,0,0,0,75567019,129808017,0,0,0,0,50719043
2025-01-26,108849023,89330908,0,0,38291375,0,0,0,74622799,130067374,0,0,0,0,50710827
2025-01-27,108849023,89360040,0,0,38295128,0,0,0,73923838,129678339,0,0,0,0,50706668
2025-01-28,108952396,89360040,0,0,38295128,0,0,0,70813913,129012830,0,0,0,0,50713566
2025-01-29,101002503,89294449,0,0,38351692,0,0,0,69863396,129432339,0,0,0,0,50576021
2025-01-30,101002503,89985560,0,0,38354300,0,0,0,69707298,130197052,0,0,0,0,50604208
2025-01-31,100907553,89449400,0,0,38354339,0,0,0,68936702,128988061,0,0,0,0,49729915
2025-02-01,99607004,89360040,0,0,36376385,0,0,0,69011406,128022761,0,0,0,0,49717035
2025-02-02,106603500,89360040,0,0,36376640,0,0,0,67889611,129711604,0,0,0,0,50188480
2025-02-03,106603500,89356733,0,0,36374603,0,0,0,66353071,129185112,0,0,0,0,50177688
2025-02-04,106603500,89121071,0,0,36375294,0,0,0,66280104,130100350,0,0,0,0,50247462
2025-02-05,109342294,89538740,0,0,36404398,0,0,0,65983032,129970768,0,0,0,0,50197265
2025-02-06,109342294,89449380,0,0,36404398,0,0,0,66092718,129841186,0,0,0,0,50197265
2025-02-07,109219905,89360020,0,0,36401013,0,0,0,65858177,129841186,0,0,0,0,50197265
2025-02-08,109114305,89258430,0,0,36404143,0,0,0,65020872,130892711,0,0,0,0,50197265
2025-02-09,112113628,89352794,0,0,36404216,0,0,0,65066304,130631968,0,0,0,0,50197265
2025-02-10,112029148,89246902,0,0,36404325,0,0,0,64572563,130762340,0,0,0,0,50197265
2025-02-11,109864348,89322680,0,0,36401959,0,0,0,65247325,129729930,0,0,0,0,50197265
2025-02-12,109852106,89360032,0,0,36439542,0,0,0,64154322,129368019,0,0,0,0,50189484
2025-02-13,109738529,89360032,0,0,36439578,0,0,0,64917112,130892711,0,0,0,0,50194152
2025-02-14,109813534,89360032,0,0,36439687,0,0,0,64563367,130501597,0,0,0,0,50197265
2025-02-15,111713497,89400100,0,0,36439542,0,0,0,64883897,130228470,0,0,0,0,50197265
2025-02-16,111713497,89459948,0,0,36439542,0,0,0,64650199,130764330,0,0,0,0,50197265
2025-02-17,111713497,89459948,0,0,36439469,0,0,0,64262216,130894963,0,0,0,0,50307719
2025-02-18,110349978,89451540,0,0,36438485,0,0,0,64530111,130633696,0,0,0,0,50303593
2025-02-19,108586513,89549499,0,0,36439432,0,0,0,64250742,131286864,0,0,0,0,50154488
2025-02-20,127928489,89549499,0,0,36439250,0,0,0,64537813,130335253,0,0,0,0,50177572
2025-02-21,122904002,89460039,0,0,36435897,0,0,0,64299761,131114628,0,0,0,0,50182389
2025-02-22,131927383,89460039,0,0,36441437,0,0,0,63854105,131114628,0,0,0,0,50161162
2025-02-23,131927383,89460039,0,0,36442931,0,0,0,64130887,130907205,0,0,0,0,50182389
2025-02-24,131694623,89460039,0,0,36442603,0,0,0,64214880,132163546,0,0,0,0,50181034
2025-02-25,129070440,89270294,0,0,36438703,0,0,0,62411763,132032431,0,0,0,0,50168790
2025-02-26,165126209,89449482,0,0,36439141,0,0,0,61826003,130947195,0,0,0,0,50119109
2025-02-27,163120912,89445185,0,0,36439542,0,0,0,60812328,130798249,0,0,0,0,51469748
2025-02-28,153960799,89660582,0,0,36439068,0,0,0,60097317,131507972,0,0,0,0,51492582
2025-03-01,138087446,90125754,0,0,36437464,0,0,0,59757153,132582878,0,0,0,0,51518561
2025-03-02,138087446,90147032,0,0,36438011,0,0,0,59778760,132318241,0,0,0,0,51522684
2025-03-03,133037265,90158843,0,0,36442020,0,0,0,61585274,132582878,0,0,0,0,51683948
2025-03-04,107294963,90966045,0,0,36438266,0,0,0,59180948,133509106,0,0,0,0,51650195
2025-03-05,107294963,91655218,0,0,36436152,0,0,0,59356778,131954102,0,0,0,0,51676246
2025-03-06,120650056,91644310,0,0,36439432,0,0,0,59735592,132315516,0,0,0,0,51688600
2025-03-07,121099817,91650268,0,0,36438839,0,0,0,58819347,133368705,0,0,0,0,51688962
2025-03-08,117734283,221547632,0,0,36436688,0,0,0,57680704,132557035,0,0,0,0,52132513
2025-03-09,121375726,221628760,0,0,36437490,0,0,0,58004205,133234937,0,0,0,0,52138041
2025-03-10,121375726,221646271,0,0,36435887,0,0,0,56803326,134168118,0,0,0,0,52138719
2025-03-11,125790858,221656292,0,0,34327492,0,0,0,55447074,133901647,0,0,0,0,52128393
2025-03-12,127994774,321734216,0,0,34414766,0,0,0,55550121,133072051,0,0,0,0,52140284
2025-03-13,136981054,501645130,0,0,34412907,0,0,0,55295454,134448683,0,0,0,0,51554745
2025-03-14,142386777,541549854,0,0,34414972,0,0,0,54793849,133921455,0,0,0,0,51422791
2025-03-15,139506881,792115158,0,0,34413114,0,0,0,55098277,133478570,0,0,0,0,52177163
2025-03-16,139506881,792115158,0,0,34416453,0,0,0,55176160,132961474,0,0,0,0,52177163
2025-03-17,139506881,792115158,0,0,34415626,0,0,0,54839125,134279441,0,0,0,0,52171476
2025-03-18,141626668,792115158,0,0,34411840,0,0,0,55040237,133612048,0,0,0,0,52173302
2025-03-19,152007615,982097555,0,0,34416590,0,0,0,54915817,134012484,0,0,0,0,52166363
2025-03-20,150460807,1052315626,0,0,34423693,0,0,0,55734834,133612048,0,0,0,0,53668063
2025-03-21,155180571,1141912885,0,0,34319677,0,0,0,55368214,132704800,0,0,0,0,53635809
2025-03-22,172397428,1182074323,0,0,34322114,0,0,0,55280035,134220043,0,0,0,0,53646596
2025-03-23,172397918,1182278864,0,0,34321805,0,0,0,55272755,134354128,0,0,0,0,53659101
2025-03-24,172080109,1182316698,0,0,34320912,0,0,0,55347642,134622300,0,0,0,0,53668063
2025-03-25,173803312,1182561124,0,0,34318235,0,0,0,55897338,133865787,0,0,0,0,53668063
2025-03-26,174042864,1432561610,0,0,34321702,0,0,0,55168422,134252155,0,0,0,0,53668063
2025-03-27,175258393,1432561610,0,0,34318029,0,0,0,54862604,134112404,0,0,0,0,53668063
2025-03-28,185297043,1432340996,0,0,34318304,0,0,0,54846482,134252155,0,0,0,0,53654754
2025-03-29,199331165,1431831072,0,0,34324723,0,0,0,54082044,134087190,0,0,0,0,54087935
2025-03-30,199331165,1432561679,0,0,34321599,0,0,0,53616346,134252155,0,0,0,0,54094104
2025-03-31,200611881,1432561679,0,0,34324997,0,0,0,53596193,134252155,0,0,0,0,54104108
2025-04-01,194598985,1432415557,0,0,34371916,0,0,0,53646798,134215170,0,0,0,0,54100212
2025-04-02,189528161,1432561679,0,0,34373876,0,0,0,54215565,134178394,0,0,0,0,54111088
2025-04-03,189528061,1432861673,0,0,34390741,0,0,0,53448167,134755130,0,0,0,0,76168786
2025-04-04,189334117,1433960479,0,0,34389606,0,0,0,53316965,134201289,0,0,0,0,76152787
2025-04-05,188506278,1434261673,0,0,34391119,0,0,0,53365409,137272460,0,0,0,0,76157129
2025-04-06,188506278,1434261673,0,0,34392048,0,0,0,53225082,136792759,0,0,0,0,76154158
2025-04-07,188505481,1434121116,0,0,34395936,0,0,0,51924986,137272460,0,0,0,0,76132064
2025-04-08,237676834,1433837132,0,0,84412455,0,0,0,51877123,136543260,0,0,0,0,76150654
2025-04-09,287346686,1433761345,0,0,134395586,0,0,0,51143477,136861875,0,0,0,0,76525326
2025-04-10,287349687,1434587667,0,0,134417900,0,0,0,52460845,136583760,0,0,0,0,76576493
2025-04-11,284349686,1435378168,0,0,134413598,0,0,0,51611268,136699343,0,0,0,0,76547462
2025-04-12,285935350,1435414178,0,0,134417900,0,0,0,52069937,137835842,0,0,0,0,76561403
2025-04-13,285935350,1435863608,0,0,134416690,0,0,0,52568111,138792628,0,0,0,0,76588595
2025-04-14,285616150,1435876531,0,0,134415749,0,0,0,52236000,137898202,0,0,0,0,76574348
2025-04-15,330566318,1435876531,0,0,134416690,0,0,0,52462800,138378734,0,0,0,0,76590051
2025-04-16,340564814,1435876531,0,0,172467213,0,0,0,45559197,138378734,0,0,0,0,76887053
2025-04-17,339607315,1435876535,0,0,185473486,0,0,0,45559032,137530664,0,0,0,0,76896204
2025-04-18,339607315,1436904782,0,0,234569017,0,0,0,45540940,138074624,0,0,0,0,76896204
2025-04-19,338917601,1436904782,0,0,234550017,0,0,0,45432588,137541184,0,0,0,0,76884285
2025-04-20,338917601,1436904782,0,0,234552832,0,0,0,45455174,137489331,0,0,0,0,76887284
2025-04-21,338598401,1436904782,0,0,234572301,0,0,0,45463037,137395803,0,0,0,0,76882593
2025-04-22,389086876,1437204777,0,0,234549782,0,0,0,45529702,137440641,0,0,0,0,76896204
2025-04-23,503108848,1438641981,0,0,234566610,0,0,0,45949939,137482729,0,0,0,0,76973100
2025-04-24,497873250,1437204795,0,0,234695101,0,0,0,46040260,137443805,0,0,0,0,76896204
2025-04-25,489572930,1438233359,0,0,234671866,0,0,0,45970360,137616582,0,0,0,0,76896204
2025-04-26,491796450,1439671593,0,0,234812928,0,0,0,46050169,140307812,0,0,0,0,76973100
2025-04-27,491796450,1438233359,0,0,234806823,0,0,0,46042933,139770222,0,0,0,0,76896204
2025-04-28,491370450,1438233359,0,0,234785455,0,0,0,45986976,139761969,0,0,0,0,76896204
2025-04-29,491019981,1438233359,0,0,234790856,0,0,0,46044999,139753297,0,0,0,0,76896204
2025-04-30,492013647,1438233379,0,0,234810580,0,0,0,46000247,139996367,0,0,0,0,76896204
2025-05-01,491413504,1438181585,0,0,234790386,0,0,0,45975535,139856511,0,0,0,0,76896204
2025-05-02,491093704,1439260144,0,0,234909462,0,0,0,46080919,139833994,0,0,0,0,76896204
2025-05-03,491393655,1439260144,0,0,234940201,0,0,0,46081057,140339889,0,0,0,0,76896204
2025-05-04,490647455,1439260144,0,0,234953124,0,0,0,45999329,140317434,0,0,0,0,76896204
2025-05-05,490647455,1439260144,0,0,234963463,0,0,0,45909330,140292313,0,0,0,0,76896204
2025-05-06,490676813,1439016909,0,0,234985696,0,0,0,45889934,140031696,0,0,0,0,76889129
2025-05-07,491136504,1439116218,0,0,335078473,0,0,0,45974029,140764005,0,0,0,0,76893589
2025-05-08,483575574,1439260145,0,0,435090120,0,0,0,43952254,140094990,0,0,0,0,76896204
2025-05-09,474583179,1440194239,0,0,435168093,0,0,0,41495955,140342976,0,0,0,0,76891975
2025-05-10,481135766,1440286417,0,0,435223215,0,0,0,39839644,141637710,0,0,0,0,76896204
2025-05-11,480380654,1440227366,0,0,435210158,0,0,0,39976024,141779348,0,0,0,0,76896204
2025-05-12,480380654,1440286417,0,0,435224086,0,0,0,39978660,141507829,0,0,0,0,76896204
2025-05-13,476856688,1440058852,0,0,435364074,0,0,0,40063615,141452731,0,0,0,0,76893589
2025-05-14,488515195,1440286438,0,0,435392207,0,0,0,38740426,141591253,0,0,0,0,77223654
2025-05-15,509070657,1440286443,0,0,435404689,0,0,0,46004244,141182203,0,0,0,0,77223654
2025-05-16,536618678,1441212943,0,0,435391626,0,0,0,46054578,141637710,0,0,0,0,77223654
2025-05-17,538466120,1441308089,0,0,435435179,0,0,0,46061990,141544715,0,0,0,0,77223654
2025-05-18,538542283,1441308089,0,0,435445195,0,0,0,45931420,142399968,0,0,0,0,77223654
2025-05-19,538570339,1441305206,0,0,435409050,0,0,912367,46033776,142399968,0,0,0,0,77223654
2025-05-20,538177442,1441308088,0,0,435422986,0,0,912173,46064763,142243058,0,0,0,0,77223654
2025-05-21,517390889,1441308088,0,0,435264451,0,0,912301,46177088,142399968,0,0,0,0,78566004
2025-05-22,516404711,1441308086,0,0,435548028,0,0,912651,39986130,142542226,0,0,0,0,79066454
2025-05-23,532134128,1442161897,0,0,435602435,0,0,912387,40095566,142399968,0,0,0,0,79066454
2025-05-24,538689933,1442101318,0,0,435602000,0,0,912531,34666913,142968999,0,0,0,0,79066454
2025-05-25,538344229,1442311626,0,0,435595464,0,0,912968,34683833,142135511,0,0,0,0,79066454
2025-05-26,537669178,1442370765,0,0,435601564,0,0,912708,39987702,142968999,0,0,0,0,79066454
2025-05-27,536450496,1442370775,0,0,435600257,0,0,913074,39985123,142010751,0,0,0,0,79066454
2025-05-28,521347935,1443139380,0,0,435817660,0,0,1113125,42699258,142179940,0,0,0,0,79066454
2025-05-29,521851198,1442930125,0,0,435885343,0,0,1113538,44155751,142842456,0,0,0,0,79315904
2025-05-30,521324681,1448996166,0,0,435940821,0,0,1113333,44468197,142222238,0,0,0,0,79310986
2025-05-31,520114871,1449159857,0,0,435993573,0,0,1113641,44524420,144310395,0,0,0,0,79315904
2025-06-01,520226173,1449404748,0,0,435975258,0,0,1113922,43104115,144904925,0,0,0,0,79315904
2025-06-02,520201191,1449404748,0,0,435975258,0,0,1114036,43104147,145049686,0,0,0,0,79315904
2025-06-03,516796042,1454267921,0,0,436121003,0,0,1113876,43142046,144831849,0,0,0,0,79315904
2025-06-04,516511032,1454898054,0,0,436123620,0,0,1115334,44602160,144682966,0,0,0,0,83171492
2025-06-05,506165214,1454908052,0,0,436156770,0,0,1115469,44585082,144687162,0,0,0,0,83088504
2025-06-06,504795858,1455655221,0,0,436169858,0,0,1115593,47097765,144833446,0,0,0,0,83088504
2025-06-07,496479167,1455389581,0,0,436332698,0,0,1115606,46486210,145678758,0,0,0,0,83171592
2025-06-08,496479167,1455013169,0,0,436330079,0,0,1116295,47134018,145044618,0,0,0,0,83088504
2025-06-09,496303152,1455442288,0,0,436305203,0,0,1116167,47170990,144878253,0,0,0,0,83088504
2025-06-10,510824285,1455737802,0,0,436466996,0,0,1116226,46704682,145175292,0,0,0,0,83088504
2025-06-11,529594108,1455750741,0,0,436505133,0,0,10626536,47175884,145210750,0,0,0,0,83088504
2025-06-12,531494350,1456398564,0,0,436509062,0,0,13427141,47604108,146125235,0,0,0,0,83088504
2025-06-13,533956159,1456136937,0,0,436592555,0,0,13427215,50181729,145979546,0,0,0,0,83171592
2025-06-14,536411586,1457284942,0,0,436612346,0,0,13431158,50322501,146092651,0,0,0,0,83088504
2025-06-15,539151668,1456571932,0,0,436609289,0,0,13430637,50524864,146315708,0,0,0,0,83088504
2025-06-16,539126678,1456222223,0,0,436649032,0,0,14267874,49678106,146081952,0,0,0,0,83088504
2025-06-17,538437344,1457059669,0,0,436782226,0,0,14269467,49594024,146994845,0,0,0,0,83088504
2025-06-18,547677880,1456755632,0,0,436845622,0,0,15768274,50505620,147141400,0,0,0,0,83088504
2025-06-19,545572457,1456157361,0,0,436895245,0,0,15772919,50424091,147141400,0,0,0,0,83088504
2025-06-20,551627606,1456927642,0,0,436903547,0,0,15774679,50428422,147287955,0,0,0,0,83033504
2025-06-21,558827513,1457006892,0,0,436992292,0,0,15769625,58689408,147994800,0,0,0,0,83041633
2025-06-22,558802517,1456700753,0,0,436997537,0,0,15778848,58494106,148142205,0,0,0,0,83041633
2025-06-23,558674531,1456627443,0,0,436952955,0,0,15781027,58585634,148142205,0,0,0,0,83041633
2025-06-24,560588493,1456765876,0,0,436999723,0,0,16427783,60373256,147405179,0,0,0,0,83124675
2025-06-25,561563063,1458511861,0,0,437268025,0,0,18450692,60632545,147847395,0,0,0,0,83041633
2025-06-26,565833170,1460319121,0,0,437295931,0,0,18447864,60071014,147373487,0,0,0,0,84868633
2025-06-27,560435923,1459945968,0,0,437348065,0,0,23072461,60258421,147552584,0,0,0,0,84868633
2025-06-28,559881536,1459760020,0,0,437376020,0,0,24976961,60588969,148568124,0,0,0,0,84868633
2025-06-29,559226197,1461431317,0,0,437358085,0,0,24986209,60732370,148476442,0,0,0,0,84868633
2025-06-30,559853915,1461343361,0,0,437402704,0,0,24983303,60989111,149337099,0,0,0,0,84868633
2025-07-01,566822346,1461116698,0,0,437538107,0,0,29494367,61162567,148528597,0,0,0,0,84868633
2025-07-02,560988574,1460860376,0,0,437546687,0,0,29990963,61301925,148577034,0,0,0,0,89370683
2025-07-03,555687130,1461897737,0,0,437585573,0,0,29999759,61383369,147168293,0,0,0,0,89370683
2025-07-04,546789525,1461450850,0,0,437679946,0,0,31254370,66812779,148519167,0,0,0,0,89370683
2025-07-05,546454160,1459977789,0,0,437674693,0,0,31257923,66788710,148909068,0,0,0,0,89542983
2025-07-06,547632665,1458664733,0,0,437686949,0,0,31255944,66994110,148611696,0,0,0,0,89542983
2025-07-07,547898232,1458612828,0,0,437686074,0,0,31258378,66814065,148176869,0,0,0,0,89542983
2025-07-08,550069198,1457405931,0,0,437674693,0,0,31268917,70016766,148397035,0,0,0,0,89542983
2025-07-09,554384102,1457521620,0,0,437791241,0,0,34447222,71834839,149206588,0,0,0,0,89877483
2025-07-10,553724130,1457070741,0,0,437852022,0,0,34452586,75837504,148909068,0,0,0,0,89877483
2025-07-11,554857058,1456990772,0,0,438443046,0,0,34449739,80880659,148759364,0,0,0,0,89877483
2025-07-12,573296014,1456718127,0,0,437319279,0,0,35314464,80972239,148791800,0,0,0,0,89877483
2025-07-13,570132519,1456577466,0,0,437299598,0,0,35312687,80999690,149535759,0,0,0,0,89877483
2025-07-14,570496730,1449384530,0,0,437300473,16200808,0,35323943,81010876,148579028,0,0,0,0,89877483
2025-07-15,570031551,1452133352,0,0,437304846,34964261,0,36161337,81259698,148940592,0,0,0,0,89877483
2025-07-16,567448789,1452067484,0,0,437285603,16194529,0,36173068,81198813,148236360,0,0,0,0,89877483
2025-07-17,569378051,1456289323,0,0,437402888,16198450,0,41072702,81115258,148380726,0,0,0,0,89877533
2025-07-18,268376631,1458998963,0,0,437457567,16201645,0,46180702,80967141,148141240,0,0,0,0,89967410
2025-07-19,270145249,1459683822,0,0,437491508,16204420,0,46179555,82288498,149134054,0,0,0,0,89967410
2025-07-20,273800963,1459308999,0,0,437485383,16732723,0,48208470,82193079,149693649,0,0,0,0,89877533
2025-07-21,272734060,1455705106,0,0,437492821,16736647,0,48213900,81786808,150441369,0,0,0,0,89877533
2025-07-22,276533642,1450695106,0,0,437635950,16739513,0,48210609,81609228,149502830,0,0,0,0,89877533
2025-07-23,277330857,1451409199,0,0,437685847,16742605,0,48425755,81534612,150142281,0,0,0,0,90077533
2025-07-24,287395614,1452269226,0,0,0,16846912,0,48415596,81836978,149693649,0,0,0,0,90302533
2025-07-25,278154213,1452557816,0,0,437773594,18352005,0,48728999,81879570,149843193,0,0,0,0,90302533
2025-07-26,272189242,1451658153,0,0,437781345,18354608,0,48732736,82090864,150142281,0,0,0,0,90302533
2025-07-27,271775278,1450815257,0,0,437773463,18367524,0,48741299,82746075,149115661,0,0,0,0,90302533
2025-07-28,270269387,1446880858,0,0,437776528,18396399,0,48747742,82729069,149992737,0,0,0,0,90302533
2025-07-29,248484342,1444810062,0,0,437918881,18367540,0,48738586,82909202,151039090,0,0,0,0,90297115
2025-07-30,251044633,1445026569,0,0,437889097,18375192,0,48764485,83817278,150588227,0,0,0,0,92201597
2025-07-31,241416899,1444889250,0,0,438009348,19382030,0,48770030,64397726,150973408,0,0,0,0,92261606
2025-08-01,274401116,1438241125,0,0,438015043,19390346,0,48764211,64336397,150776433,0,0,0,0,92250441
2025-08-02,287493927,1437667675,0,0,438060307,19374130,0,48781121,69040856,151124230,0,0,0,12766942,92235862
2025-08-03,287484435,1436995328,0,0,438074329,19381633,0,48786668,68821337,152638653,0,0,0,12766925,92248319
2025-08-04,288453466,1436935319,0,0,438017364,19385822,0,48781604,69771795,152486319,0,0,0,12943615,92270833
2025-08-05,285701899,1437204208,0,0,383437391,19396445,0,48797764,70042032,151937003,0,0,0,13552413,92085873
2025-08-06,277958594,1437247937,0,0,383486729,19915393,0,48824870,70392947,152930853,0,0,0,15041108,97681218
2025-08-07,274282235,1438856280,0,0,383524454,20378453,0,48830956,70427769,152026367,0,0,0,16148051,97689033
2025-08-08,276132897,1460638821,0,0,383582788,20827104,0,48832331,71931075,152195140,0,0,0,17475341,97870033
2025-08-09,274448340,1459585912,0,0,383621596,21052333,0,48834122,72145254,152204279,0,0,0,18214454,97870033
2025-08-10,275447881,1457861717,0,0,383630421,21071629,0,48830812,72234389,151831396,0,0,0,19256735,97870033
2025-08-11,277929780,1457523493,0,0,383613922,21078393,0,48849862,72449307,151778540,0,0,0,19209981,97870033
2025-08-12,277766400,1461779608,0,0,383762502,21086914,0,48898088,70565362,152216160,0,0,0,19123271,97866705
2025-08-13,268208245,1466265286,0,0,383774177,21093851,0,48258787,70670681,151963915,0,0,0,19227576,98074238
2025-08-14,279749167,1466084118,0,0,383816961,21099376,0,48249510,70737497,152113495,0,0,0,21363764,98108233
2025-08-15,275485373,1463661371,0,0,383896854,21107893,0,49237360,79381060,152043580,0,0,0,21550117,98164920
2025-08-16,270684160,1458565802,0,0,383934604,21129655,0,48242393,78546034,153524938,0,0,0,22139168,98164900
2025-08-17,270958023,1458467561,0,0,383955724,21136917,0,48256416,80673660,153316813,0,0,0,22423729,98164900
2025-08-18,272848028,1454241992,0,0,383933068,21150785,0,48265949,80597049,152721731,0,0,0,23841342,98164900
2025-08-19,282252823,1453663269,0,0,384067281,21158086,0,52388384,80045259,150634804,0,0,0,23783731,98066833
2025-08-20,282464873,1451584337,0,0,384109588,21165875,0,54323444,73006520,153524938,0,0,0,23121817,98052529
2025-08-21,279167214,1451614753,0,0,384128681,22044950,0,55241671,73170381,153524938,0,0,0,23070821,98067533
2025-08-22,279655424,1450941698,0,0,384137691,22262383,0,56119854,73250243,153524938,0,0,0,23430443,98044977
2025-08-23,259413389,1449103118,0,0,384205104,22568140,0,58408188,73317038,153113289,0,0,0,23166702,98038407
2025-08-24,258510164,1449264764,0,0,384205873,22595451,0,59449519,67445121,154138424,0,0,0,23176382,98034386
2025-08-25,258392326,1449053197,0,0,384198956,23572429,0,60056822,67554438,153074486,0,0,0,23220349,98059982
2025-08-26,258648688,1449215518,0,0,384217785,23581567,0,61016790,67663757,153414163,0,0,0,23495471,98156633
2025-08-27,264154477,1452543690,0,0,384381752,40670591,0,70107955,67404970,153295674,0,0,0,23226462,98156633
2025-08-28,272962050,1458893987,0,0,386855646,23987231,0,88841918,66665562,153510368,0,0,0,23176038,98158383
2025-08-29,254455847,1464248270,0,0,386861435,24127934,0,106117274,66714738,154865879,0,0,0,23050737,98158383
2025-08-30,264521163,1472959555,0,0,386902763,24224206,0,108692053,68198778,154711784,0,0,0,22911100,98158383
2025-08-31,264397694,1480143016,0,0,386897733,24404693,0,110184960,73155502,154711784,0,0,0,22851077,98158383
2025-09-01,264070018,1494641076,0,0,386905472,24432124,0,110188351,73159494,154711784,0,0,0,22644307,98158383
2025-09-02,265025878,1512676671,0,0,386868709,24735181,0,110212792,73163753,154057341,0,0,0,22564008,98158383
2025-09-03,263243333,1535535765,0,0,337061716,24824095,0,109942250,71120602,154058794,0,0,0,21452784,98158383
2025-09-04,265070486,1593277486,0,0,337062591,25049031,0,110798823,70006290,154041844,0,0,0,21445138,98158383
2025-09-05,284251324,1602339744,0,0,337141130,25287019,0,158394781,67300140,154044002,0,0,0,21186789,98158383
2025-09-06,302230852,1599542022,0,0,337183664,25307259,0,158392173,67302519,154052631,0,0,0,21138454,98158383
2025-09-07,309224335,1598993659,0,0,337195805,25343429,0,158400173,67282287,154062954,0,0,0,20922169,98158383
2025-09-08,308159849,1599119526,0,0,337182653,25365950,0,158165909,63288420,154044464,0,0,0,20921363,98158383
2025-09-09,278537788,1638397579,0,0,337315024,25503638,0,158458309,63321671,154041382,0,0,0,20489533,98158383
2025-09-10,256930172,1691225800,0,0,337346268,25717361,0,158475921,63294151,154040612,0,0,0,19251885,98158383
2025-09-11,249378623,1738135511,0,0,337379175,26093429,0,158652028,60952471,154058024,0,0,0,79467684,98158383
2025-09-12,292486274,1803663234,0,0,337420053,26230839,0,248766179,60871064,153950730,0,0,0,79067505,98158383
2025-09-13,327697685,1817410957,0,0,337413304,26517973,0,248826915,60904395,153966745,0,0,0,79063809,98256541
2025-09-14,326668239,1818686147,0,0,337416678,26774488,0,248834071,60899543,153965975,0,0,0,79258037,98266551
2025-09-15,326450049,1818483738,0,0,337404529,27100630,0,248910423,60951455,153966129,0,0,0,78762552,98266551
2025-09-16,271205012,1818471277,0,0,337552805,27642631,0,248731870,61583770,153951192,0,0,0,78694375,98479633
2025-09-17,279379992,1816566829,0,0,337584196,27799893,0,248297331,60130548,154634476,0,0,0,78703843,98480333
2025-09-18,282325378,1814477008,0,0,344610791,27842422,0,248971497,60129935,154620247,0,0,0,78737001,98480333
2025-09-19,278701300,1815665556,0,0,344650999,27925821,0,248653175,60436476,154619937,0,0,0,84183385,98480333
2025-09-20,291214132,1815752727,0,0,345170762,28195329,0,249308102,61464009,154931891,0,0,0,83995792,98480333
2025-09-21,291057695,1815028560,0,0,345175942,28420863,0,248327419,61501018,154932356,0,0,0,83685915,98480333
2025-09-22,294726239,1814255825,0,0,345158677,28550291,0,249029563,62370184,154930961,0,0,0,82581835,98578813
2025-09-23,290532080,1822425756,0,0,345268034,28642885,0,249118812,62424091,154931891,0,0,0,82017894,98578813
2025-09-24,349374256,1825324725,0,0,345279432,28817812,0,249417275,62035882,154916703,0,0,0,81088738,98480333
2025-09-25,587610248,1828029562,0,0,345353664,28864153,0,249941829,61569509,154931426,0,0,0,80703231,98480333
2025-09-26,592527432,1823276684,0,0,345378138,28907092,0,501186777,60980614,155764257,0,0,0,78759107,98578813
2025-09-27,546135503,1823954419,0,0,345381665,28933431,0,499160506,60948595,155783267,0,0,0,78177779,98480333
2025-09-28,550068734,1829185701,0,0,345373373,29032537,0,500301469,60926527,155765036,0,0,0,78148434,98480333
2025-09-29,550068714,1829544299,0,0,345351261,29134177,0,499200458,60906022,155779683,0,0,0,78149116,98480333
2025-09-30,493585748,1836037282,0,0,345479797,29252090,0,502416432,60869901,155764049,0,0,0,78034062,98480333
2025-10-01,495043134,1831846138,0,0,345514787,29457182,0,504967441,60555329,155765919,0,0,0,77776109,98480333
2025-10-02,526818863,1827384294,0,0,345582679,29743744,0,504409455,62394489,155722887,0,0,0,77969972,98480333
2025-10-03,535241202,1825360333,0,0,345617605,29806950,0,504565152,66733337,155708995,0,0,0,0,98532222
2025-10-04,536899703,1827304898,0,0,345696108,29873866,0,504617489,66620751,156467141,0,0,0,78594758,98542495
2025-10-05,539062044,1826473954,0,0,345673794,29918492,0,504567561,66633918,156468473,0,0,0,78185707,98515623
2025-10-06,541023945,1826621411,0,0,345695721,30132412,0,503789335,69272396,156467029,0,0,0,78235460,98500779
2025-10-07,549395130,1825801108,0,0,345765249,30434518,0,505453908,68418697,156458578,0,0,0,76839600,98514836
2025-10-08,553008428,1826195664,0,0,345788276,31889609,0,504783747,68433593,154971252,0,0,0,76740225,98531123
2025-10-09,558218611,1827588214,0,0,345812548,32106277,0,579599289,67198307,154971564,0,0,0,76379470,98514624
2025-10-10,549379537,1827256525,0,0,345893324,32271790,0,579377438,67139204,154982922,0,0,0,76474011,98534764
2025-10-11,548288792,1832631486,0,0,345939734,32398083,0,579901648,66830094,155001095,0,0,0,76163630,98663387
2025-10-12,546219577,1831757913,0,0,345950770,32415819,0,579358564,65955861,155239573,0,0,0,73920025,98626345
2025-10-13,546219577,1830918148,0,0,345953654,32472493,0,579330507,65990619,155226781,0,0,0,73920025,98606634
2025-10-14,541506093,1829483960,0,0,325954820,32511148,0,580127286,66424560,155319421,0,0,0,69304303,98592950
2025-10-15,531020996,1828933945,0,0,305055560,32156999,0,580319326,66287787,154796617,0,0,0,69279252,98553605
2025-10-16,524993456,1829321315,0,0,295112452,32475674,0,580248337,66349036,154795621,0,0,0,69880460,98562700
2025-10-17,516134416,1829193692,0,0,295104099,32086098,0,582659320,66205985,154796269,0,0,0,70272601,98539440
2025-10-18,509422117,1828396259,0,0,295167789,32213429,0,580432770,66102059,154816736,0,0,0,69813079,98564962
2025-10-19,509353734,1830272015,0,0,295139033,32525961,0,580491848,66031915,154798549,0,0,0,70102482,98547296
2025-10-20,509353735,1829449727,0,0,295159133,32544257,0,580616572,66042663,154798332,0,0,0,70310544,98543344
2025-10-21,495609001,1829617443,0,0,295240307,32762788,0,580613059,66950355,156066485,0,0,0,76461564,98540319
2025-10-22,500381711,1828825356,0,0,295292378,32827363,0,580295583,66519627,156075442,0,0,0,70339750,98547004
2025-10-23,494097244,1829329651,0,0,295300296,32971623,0,580504943,66702788,155104482,0,0,0,70511553,98524723
2025-10-24,499349277,1831252745,0,0,295333420,33071912,0,579981120,66538807,155116682,0,0,0,81801465,98533939
2025-10-25,515738318,1830094049,0,0,295391548,33347075,0,580913862,66066586,155049949,0,0,0,92790168,98526449
2025-10-26,515387094,1831718455,0,0,295362041,33710704,0,579763612,66065695,155037257,0,0,0,93024551,98527290
2025-10-27,515238224,1830548986,0,0,295361027,33574201,0,578935476,66439244,155048980,0,0,0,93208414,98507209
2025-10-28,517054306,1830795362,0,0,295444667,34075872,0,582296993,65874855,155038793,0,0,0,91121665,98506022
2025-10-29,512777440,1830674410,0,0,295492939,34690514,0,581863503,65833559,155038038,0,0,0,90184294,98516067
2025-10-30,516726250,1832604326,0,0,295516887,34735714,0,581555073,65840912,155038002,0,0,0,89875659,98521768
2025-10-31,519731068,1831625509,0,0,295527573,34241843,0,582216749,66037467,155038428,0,0,0,95719991,98509598
2025-11-01,535224671,1831059637,0,0,295545899,33680987,0,580041587,66090646,155024525,0,0,0,89446380,98464648
2025-11-02,534169046,1831503390,0,0,295557770,33776546,0,581904050,66059858,155527351,0,0,0,89451609,98481249
2025-11-03,534105289,1831009800,0,0,295501211,33841115,0,581641538,66070940,155525060,0,0,0,89409266,98493166
2025-11-04,523468210,1831572393,0,0,295647478,33901199,0,579165003,66101123,155524355,0,0,0,88454768,98485588
2025-11-05,505279142,1832180351,0,0,295663169,32813286,0,581966406,66880245,155521573,0,0,0,78981218,98467726
2025-11-06,495749087,1842814033,0,0,295697166,32884636,0,581742811,66975492,155523291,0,0,0,78863126,98490223
2025-11-07,492161483,1832446494,0,0,295699578,32449688,0,581490050,59508631,155507026,0,0,0,76929424,98454508
2025-11-08,479035200,1832532992,0,0,295802188,32751523,0,581842661,58874791,155865675,0,0,0,74919992,98446571
2025-11-09,479330402,1832146608,0,0,295780257,33058007,0,582239675,59135829,155850277,0,0,0,75313161,98473415
2025-11-10,486903952,1832198643,0,0,295770787,33202336,0,581513266,59218250,155829595,0,0,0,78916845,98492288
2025-11-11,494670111,1831411779,0,0,295860227,33358419,0,581843927,51928934,155860938,0,0,0,81021934,98450377
2025-11-12,502782771,1831064497,0,0,295860181,33620054,0,581898888,52054944,155845391,0,0,0,80532335,98456018
2025-11-13,511746165,1532807615,0,0,295860221,33872271,0,581192219,53976124,155847102,0,0,0,81275804,98476015
2025-11-14,501977370,1534504243,0,0,295905194,33066938,0,583809765,54296450,155844957,0,0,0,80561986,98359621
2025-11-15,489217012,1529875948,0,0,295943617,33151931,0,579887641,55249350,155844146,0,0,0,77693132,98344594
2025-11-16,491687032,1533536849,0,0,295966740,51270931,0,581994919,56335981,155839428,0,0,0,77764262,98381499
2025-11-17,486888184,1532361182,0,0,295956163,51274785,0,582129385,56637362,155842503,0,0,0,78940009,98362278
2025-11-18,502325920,1331149511,0,0,296018529,33815759,0,582252452,56787689,156181888,0,0,0,78861420,98308121
2025-11-19,502179438,1333559981,0,0,296070398,34278240,0,582155208,56481416,156193396,0,0,0,78839811,98357556
2025-11-20,505292034,1333776753,0,0,296073277,34746234,0,575475726,56726492,156003509,0,0,0,78884623,98326498
2025-11-21,581376069,1335003772,0,0,296117970,35613800,0,546370262,46709389,156029427,0,0,0,77202576,98310545
2025-11-22,589743602,1337110105,0,0,295627284,36338066,0,701980435,46390650,156198770,0,0,0,74116948,98362132
2025-11-23,575150654,1336216210,0,0,295597078,36851763,0,682854947,46488477,156181788,0,0,0,74258910,98370731
2025-11-24,575640019,1335969147,0,0,295635806,38432496,0,681707085,46540039,156190719,0,0,0,78684979,98395723
2025-11-25,567815008,1335781241,0,0,295690012,39468606,0,651281165,47096253,155931322,0,0,0,78719283,98400879
2025-11-26,563088281,1337047255,0,0,295766626,39340550,0,645822129,48238209,155924199,0,0,0,78428632,98387387
2025-11-27,561570224,1338712412,0,0,295776408,40492476,0,648547618,49285579,155938518,0,0,0,78896904,98409414
2025-11-28,579998290,1338366842,0,0,295796939,40942653,0,652140097,49118726,155938152,0,0,0,81877819,98413869
2025-11-29,584872240,1338518077,0,0,295847765,41145854,0,656020847,48084397,155268974,0,0,0,81633276,98438116
2025-11-30,595144072,1338615460,0,0,295848787,0,0,655848683,48066994,155257687,0,0,0,81407617,98446200
2025-12-01,595113948,1339010497,85812033,0,295839008,0,0,659189117,48057351,155263788,0,0,0,81388080,98427974
2025-12-02,595268867,1338440744,84506956,0,295909699,40773360,0,658795803,43754773,155277212,0,0,0,80348401,99220689
2025-12-03,602150478,1349220214,87563065,0,295978457,40896490,0,659813423,43784024,155281097,0,0,0,82900011,99248555
2025-12-04,606576716,1048933554,86578955,0,296033009,41247783,0,662099119,43016969,155283876,0,0,0,83503547,99242468
2025-12-05,616953427,1049505879,86947918,0,296048122,42710936,0,664659166,43324739,155277474,0,0,0,83701077,99232675
2025-12-06,616982658,1049462487,87072548,0,296079644,42832282,0,665110013,43236193,155523265,0,0,0,83646407,99234945
2025-12-07,640911630,1049740923,87085097,0,296081325,42838653,0,668512583,43149850,155522657,0,0,0,83504115,99237189
2025-12-08,640410649,1049819162,87096567,0,296079118,42862747,0,672995270,43154233,155528137,0,0,0,83655323,99241261
2025-12-09,647995179,1050119265,90634054,0,296168988,43349212,0,667464880,43159951,155522320,0,0,0,84804440,99228880
2025-12-10,565858182,849707069,94734335,0,296240688,43468765,0,673985542,42431313,155553488,0,0,0,80934936,99234088
2025-12-11,562421009,850441828,91182046,0,295939467,43818409,0,673491970,42878996,155511367,0,0,0,81120066,99241841
2025-12-12,579286182,851101962,91419159,0,262923492,44360398,0,675359683,42826435,155497289,0,0,0,81554146,99238451
2025-12-13,588283097,851110190,93477755,0,262991376,49810497,0,677619081,42813253,155728459,0,0,0,81064568,99239808
2025-12-14,588257211,851711602,93523434,0,263021444,51461091,0,680415831,42878599,155699765,0,0,0,81061325,99242368
2025-12-15,592123197,851071003,93568777,0,262998720,51674251,0,686675887,42880300,155714333,0,0,0,80968327,99240547
2025-12-16,598956201,851364876,92708776,0,263046616,52058746,0,686881906,44415982,155715008,0,0,0,80941489,99219539
2025-12-17,590744125,850741265,95573185,0,263095296,56181496,0,687080287,44534318,155715346,0,0,0,83101482,99219193
2025-12-18,595827619,851144842,98976307,0,263151116,55929711,0,685995707,44310421,155612220,0,0,0,71797805,99207669
2025-12-19,586377855,851455660,99182033,0,263077874,56431914,0,686561601,44137499,155809369,0,0,0,72384495,99179649
2025-12-20,586648415,851320022,99882873,0,263154378,57489205,0,685121369,43768368,155857464,0,0,0,66777854,99177633
2025-12-21,586623192,851299776,102606608,0,263177373,57734924,0,686881082,43792947,155872003,0,0,0,66483394,99195913
2025-12-22,586622975,851413231,102618093,0,263203645,57988890,0,684943529,43794684,155860079,0,0,0,66583558,99199600
2025-12-23,586096061,851668137,112222805,0,263188253,59201800,0,684901462,42861119,155859208,0,0,0,70866100,99168652
2025-12-24,581917180,842012256,113368405,0,263191244,61324148,0,683983572,45021536,155843707,0,0,0,66506476,99174978
2025-12-25,580602398,840634502,113060576,0,263272787,61421174,0,681500761,44914932,155889464,0,0,0,66223580,99172336
2025-12-26,578354584,841541331,116050236,0,263190823,61494748,0,681482735,44899771,155874982,0,0,0,65886640,99173125
2025-12-27,563080494,841534168,120647000,0,263296396,61608601,0,681402566,44690549,155868005,0,0,0,65779716,99158960
2025-12-28,566951490,841555746,110385808,0,263310909,62013770,0,683146718,44531317,155861130,0,0,0,65770150,99169628
2025-12-29,566926380,842189845,111184007,0,263364691,62197916,0,685379667,44544943,155875788,0,0,0,65911729,99159486
2025-12-30,554965269,842307472,111197627,0,263330498,65094058,0,684306655,44421435,155858306,0,0,0,63346537,99117523
2025-12-31,550165682,843213802,112929109,0,263388133,65575111,0,686485755,44399768,155895629,0,0,0,62846332,99106957
2026-01-01,533887969,842454270,114622525,0,263421919,68231544,0,684387696,44253724,155874469,0,0,0,60671478,99063845
2026-01-02,538264147,843698299,118824353,0,263411845,69109734,0,686735928,44268303,155890166,0,0,0,60671478,99088953
2026-01-03,576869511,844287916,119970138,0,263433670,69460506,0,686906656,44350069,155877117,0,0,0,63721310,99174425
2026-01-04,575322317,844293662,120495853,0,263413127,70149748,0,686669388,43565486,155891027,0,0,0,63661251,99177446
2026-01-05,575319187,844249040,122050448,0,263483648,70641108,0,686715597,43452023,155892410,0,0,0,64010814,99175241
2026-01-06,579039661,843639843,124315435,0,263508555,70953130,0,686920150,43107669,155892850,0,0,0,67776823,99208502
2026-01-07,576902131,844350575,124789416,0,263566753,71149297,0,686632035,38491481,155903107,0,0,0,68019252,99178067
2026-01-08,572535009,844427959,128791190,0,303594937,71520816,0,687520221,37415261,155876392,0,0,0,64495190,99119940
2026-01-09,575484767,849793634,118598855,0,303627963,71832390,0,687130683,36989938,155891941,0,0,0,62247646,99130911
2026-01-10,578053259,848960657,118931302,0,323636179,75264465,0,686076054,36200820,155904852,0,0,0,62220054,99087200
2026-01-11,578053092,849570446,119137122,0,323746857,76964774,0,687034430,36148939,155877906,0,0,0,62188322,99089085
2026-01-12,578052682,849319819,119081277,0,323600165,77238929,0,686616101,36147978,155875996,0,0,0,62135483,99075764
2026-01-13,581910048,849175126,116168469,0,343169500,78021753,0,687420362,38251898,155877847,0,0,0,62182035,99102734
2026-01-14,598125644,843643338,116885374,0,403157684,79954657,0,687161141,37621497,155675602,0,0,0,66855995,99204520
2026-01-15,603210768,851895175,117208821,0,423181934,80920606,0,685017612,36145284,156093606,0,0,0,70100951,99260419
2026-01-16,604821147,855915437,117889266,0,463269415,81488004,0,684798052,36155536,156107028,0,0,0,69601798,99238181
2026-01-17,608271921,856217675,120388841,0,464062095,81868904,0,687663596,36367916,156092061,0,0,0,69603713,99221142
2026-01-18,608240526,856336518,121427727,0,466910177,84106754,0,685633683,36699333,156093710,0,0,0,69603792,99233204
2026-01-19,608240264,854441084,121085033,0,463263618,85280461,0,688420030,36698153,156092072,0,0,0,69603921,99229324
2026-01-20,607289163,856757891,120522552,0,463277867,85662810,0,687236576,36751434,156105814,0,0,0,68459563,99204094
2026-01-21,624252318,849763311,120898818,0,483438791,85961301,0,678737146,36459644,156092209,0,0,0,63661419,99154454
2026-01-22,622804493,850974885,121188170,0,483431708,86354812,0,675490754,36565452,156836451,0,0,0,65013319,99180355
2026-01-23,633235789,852026589,121411384,0,503465726,86648421,0,669684239,36264889,156835533,0,0,0,64479948,99172634
2026-01-24,631286567,852063424,121603062,0,503455492,86559775,0,661636199,36280280,156820476,0,0,0,71166603,99145674
2026-01-25,631209241,851568732,121646830,0,503466757,86758530,0,660532180,36266868,156837649,0,0,0,70589832,99123163
2026-01-26,631209237,853054219,121847677,0,503466083,87182129,0,657700960,36236678,156837734,0,0,0,70589784,99161832
2026-01-27,627790842,856990159,122363396,0,503607805,85930460,0,657367120,36057275,156823904,0,0,0,70677790,99161637
2026-01-28,645700810,857311071,122733565,0,523658119,86623409,0,655826961,36191569,156820662,0,0,0,68514731,99139890
2026-01-29,648957425,856758568,122803483,0,526155037,87702100,0,659380762,35803094,156807555,0,0,0,68201316,99113020
2026-01-30,658900034,864117303,123741913,0,546249246,87275185,0,653532937,36022434,156835746,0,0,0,64195210,99108404
2026-01-31,658346735,864330215,123857980,0,0,87574359,0,646185874,36303418,157021274,0,0,0,63273187,99112561
2026-02-01,647516633,864248895,123953170,0,0,87078277,0,640832980,36424242,157004722,0,0,0,57289084,99163595
2026-02-02,644017487,864947551,123733302,0,0,86502906,0,635833795,36413892,157020801,0,0,0,57200489,99151469
2026-02-03,633585667,890251148,124717134,0,0,84989490,0,633762427,36256834,157036113,0,0,0,58470095,99173147
2026-02-04,629252269,888281803,124705235,0,566305714,85033593,0,633309554,36350245,157019512,0,0,0,57504039,99125806
2026-02-05,624064280,894082607,125026638,0,566611783,84571466,0,622829014,36354357,157019325,0,0,0,56566752,99057534
2026-02-06,610668834,887680677,125128757,0,566640208,82319545,0,596261121,36675996,157018436,0,0,0,53009903,99074327
2026-02-07,661812942,859430174,125220095,0,566811553,81279961,0,563529580,35702713,157045657,0,0,0,54578970,99198703
2026-02-08,685471284,859193680,126012348,0,566735818,81704606,0,566341575,35750456,157031982,0,0,0,54352194,99197445
2026-02-09,686330079,859990105,126170071,0,566804147,82302512,0,561756517,35727471,157039442,0,0,0,55296286,99199686
2026-02-10,622471839,858476144,126213184,0,566941082,83664042,0,561541779,36047390,157049073,0,0,0,54646701,99208490
2026-02-11,772439065,853223814,126504128,0,566959686,84348784,0,563495933,36358665,156915828,0,0,0,55370339,99208055
2026-02-12,745968302,853088864,126499945,0,567071467,85083154,0,558223124,36363656,156927101,0,0,0,54717033,99208804
2026-02-13,754464668,824112078,126893081,0,567096605,86342323,0,558174072,35994624,156930284,0,0,0,53176391,99197872
2026-02-14,760281615,834631416,127165113,0,567157246,88065241,0,555603369,35604429,156931918,0,0,0,54064007,99211632
2026-02-15,761258132,833641101,127192596,0,567151077,97049427,0,571096548,35668823,156928834,0,0,0,55066156,99219864
2026-02-16,761457203,833927014,127248687,0,567202995,98055784,0,570719349,35670054,156943490,0,0,0,55058369,99204840
2026-02-17,754681676,834005115,127407807,0,567355417,99295321,0,574241996,35634186,156942880,0,0,0,53407497,99212901
2026-02-18,764251465,834068004,127507853,0,567410320,100778899,0,567824583,33919313,156943362,0,0,0,53392652,99212160
2026-02-19,768345688,833883850,128062731,0,567390781,101666001,0,545486958,34865466,156919691,0,0,0,53595719,99208364
2026-02-20,748228103,834544557,128240852,0,567504167,102868315,0,502072051,24529744,156943012,0,0,0,53626360,99205192
2026-02-21,763076235,834317303,128201532,0,567450923,104891929,0,489418638,24535520,156926093,0,0,0,54590214,99209543
2026-02-22,762725321,834642589,128415055,0,567511251,105626715,0,486276982,24620355,156943021,0,0,0,55260454,99223199
2026-02-23,754824118,834837767,128877925,0,567554157,105813756,0,484691551,24731829,156943280,0,0,0,55127780,99205006
2026-02-24,724814554,834452849,128993006,0,567752364,0,0,473163187,24910868,156912447,0,0,0,54421559,99226071
2026-02-25,711838753,835228115,136927363,0,567720106,0,0,469743309,27276566,156928667,0,0,0,53600795,99288354
2026-02-26,695282683,834712967,136933867,0,567832976,0,0,468929607,27381143,156927874,0,0,0,55417559,99290960
2026-02-27,701999355,835693217,136927829,0,567830319,0,0,466174876,29470469,156929037,0,0,0,55561811,99283379
2026-02-28,699312127,835090290,137040808,0,567915016,115679271,0,466599836,29843976,156915009,0,0,0,54946409,99276118
2026-03-01,701313157,835550762,137078571,0,567882810,116211350,0,466955304,30190712,156931006,0,0,0,55080316,99311629
2026-03-02,701082128,835109222,137056075,0,567880663,116949960,0,466490836,30416643,156927164,0,0,0,55252226,99282713
2026-03-03,697329597,834950946,137198190,0,568078246,118189227,0,465118700,30534050,156928250,0,0,0,55603961,99273435
2026-03-04,701704743,834912549,137242626,0,568123146,120974771,0,463382904,30612666,156943038,0,0,0,55555642,99279427
2026-03-05,612516479,835468705,137529265,0,568129152,121537940,0,459716159,30803772,156927212,0,0,0,59208989,99287566
2026-03-06,613071086,835144628,138079789,0,568219867,122057206,0,446132046,31297350,156927834,0,0,0,58915025,99284047
2026-03-07,612198824,834874834,142860960,0,568231071,122937066,0,439030492,31325977,156924740,0,0,0,58666424,99273614
2026-03-08,611932122,834919390,142884722,0,568293587,124226029,0,335879724,31337813,156923936,0,0,0,58398281,99272403
2026-03-09,609792305,834448203,142909062,0,568285819,127843797,0,332985630,31318785,156920997,0,0,0,56363372,99277920
2026-03-10,615424043,835364661,120410082,0,568400843,128371591,0,319951079,31210555,156934351,0,0,0,56824806,99280581
2026-03-11,617471614,835134234,120458200,0,568493515,128884934,0,319309890,31244823,156937031,0,0,0,58908662,99280924
2026-03-12,622015141,835001060,120442933,0,618487654,129914876,0,325461990,39831790,156924414,0,0,0,59926133,99281477
2026-03-13,646164646,835508066,120456154,0,668528529,132038650,0,334909549,56711972,156938355,0,0,0,61270932,99277355
2026-03-14,654438854,836892637,133558905,0,764148470,133427719,0,333721715,56608010,156923672,0,0,0,64554642,99284898
2026-03-15,660065280,835906433,160296559,0,764150710,134448381,0,334212092,56630409,156938479,0,0,0,64667360,99276340
2026-03-16,660176712,835369559,151115046,0,764232823,135891846,0,334214586,56751418,156942344,0,0,0,65543700,99285605
2026-03-17,658074120,834850377,154167873,0,764423996,136714840,0,333579161,56570687,156924686,0,0,0,68620101,99273201
2026-03-18,661145305,835084979,192922228,0,814430810,137635324,0,332210196,56820206,156923551,0,0,0,68337085,99290322
2026-03-19,667203172,836345919,193563984,0,864502705,137461153,0,331788258,56968671,156926313,0,0,0,69784231,99275586
2026-03-20,786649005,827364927,198955554,0,914558834,138787936,0,328673865,57040118,156944157,0,0,0,68531543,99276167
2026-03-21,806427458,827752780,180725159,0,964659092,139098845,0,328225146,61494285,156937381,0,0,0,68418004,99261176
2026-03-22,806726143,825105575,180792808,0,964576088,139558445,0,337505907,61538185,156922448,0,0,0,68893912,99259286
2026-03-23,805160521,828212293,183170117,0,964644237,140108829,0,333351555,61970788,156935976,0,0,0,67155019,99252569
2026-03-24,794681153,827871765,183159839,0,964951134,140370183,0,315370176,62385397,156923358,0,0,0,66669778,99247062
2026-03-25,765571980,827622983,183654771,0,1014976313,140872804,0,312509423,64178900,156908868,0,0,0,125424247,99232908
2026-03-26,732116148,878139541,184981018,0,1039953659,141685858,0,312471255,64479428,156921021,0,0,0,126147654,99240409
2026-03-27,579124326,877762937,188223846,0,1065054400,142553585,0,312044171,63940728,156907770,0,0,0,124832260,99188990
2026-03-28,582318339,878289998,176340375,0,1090100097,143363476,0,311805704,63929233,156905687,0,0,0,123093385,99187268
2026-03-29,582410306,877865935,176337054,0,1090056239,145303144,0,311583812,63900891,156907501,0,0,0,122960788,99175823
2026-03-30,581784879,877364520,177670160,0,1090065205,145740886,0,311331467,63895060,156902130,0,0,0,122498031,99171629
2026-03-31,631786019,868490921,165769178,0,1115220496,145944172,0,311250948,58858158,156896115,0,0,0,122315010,99171551
2026-04-01,636827995,862214070,165791807,0,1165317983,146220248,0,310858756,58561061,156894975,0,0,0,122260920,99161161
2026-04-02,647368793,863060529,165826716,0,1190613623,146533075,0,308302551,59374654,156922946,0,0,0,123706096,99239054
2026-04-03,843581277,863193337,184129775,0,1215795427,146976315,0,307565203,59119732,156924830,0,0,0,122346742,99245849
2026-04-04,840383796,863458205,184823422,0,1241635393,131864210,0,307812685,58222670,156937667,0,0,0,120937171,99239379
2026-04-05,840883594,863321606,184807563,0,1241124016,132051461,0,307889348,58084118,156907969,0,0,0,120986345,99242061
2026-04-06,840883909,863475908,185349994,0,1241334435,132263586,0,307914207,58085775,156910566,0,0,0,120867056,99214793
2026-04-07,842583043,863299222,185336461,0,1241244098,132491673,0,237050638,57456608,156939767,0,0,0,123659744,99245481
2026-04-08,642462074,865090761,185368098,0,1241438271,132562691,0,248601255,56394816,156910578,0,0,0,133313496,99234632
2026-04-09,659305618,865951332,185409118,0,1296567477,132829691,0,270945122,56690362,156910317,0,0,0,135495334,99254142
2026-04-10,661569280,866169354,187605924,0,1321758480,133571391,0,276709773,55291458,156923828,0,0,0,135294609,99250447
2026-04-11,658864151,866279652,187774153,0,1346647892,134647659,0,277606181,55081215,156809447,0,0,0,135587035,99279970
2026-04-12,658763739,865575631,188450566,0,1346743214,135110322,0,287709266,54962758,156810331,0,0,0,135353766,99279712
2026-04-13,659120958,865636102,188471182,0,1346719909,135360807,0,292682571,55032761,156805651,0,0,0,135088527,99255672
2026-04-14,656361796,865977140,190660124,0,1372006654,135595758,0,301065864,52543044,156806741,0,0,0,135388925,99269628
2026-04-15,674639150,871346182,190849643,0,1422038050,138366487,0,301107240,51979248,156801240,0,0,0,135046599,99272050
2026-04-16,680086171,866013120,191049336,0,1422342332,138992743,0,300896222,51096459,156809552,0,0,0,135342172,99265724
2026-04-17,695401128,869141308,191466357,0,1517382734,143870315,0,301407086,50432185,156807658,0,0,0,135671364,99261820
2026-04-18,741831443,869367041,198429175,0,1517475446,150457192,0,284876598,50440563,156792943,0,0,0,138326044,99263817
2026-04-19,742774973,869343207,201299877,0,1517426590,152299835,0,285490426,50453357,156792732,0,0,0,138794615,99266413
2026-04-20,743229741,869240184,203846472,0,1517402392,151166586,0,283984261,50451896,156791109,0,0,0,138729486,99269715
2026-04-21,737948052,873501974,266272276,0,1518273688,143624277,0,284021568,50463746,156823601,0,0,0,138657726,99270483
2026-04-22,740455705,880855874,317173243,0,1518198082,143719100,0,282739418,50460271,156807450,0,0,0,139393707,99262881
2026-04-23,695764713,882021867,256742179,0,1518212765,143778884,0,283780473,50436355,156792562,0,0,0,138767890,99269444
2026-04-24,868795989,580498986,256057237,0,1518299192,143842881,0,283880598,50442010,156818996,0,0,0,135875679,99262081
2026-04-25,892695159,588968037,256518389,0,1418527192,144669700,0,285188703,50397766,156806154,0,0,0,135097805,99264265
2026-04-26,897532238,588766374,256454116,0,1418551354,144848442,0,285183747,50399502,156807440,0,0,0,134918569,99262076
2026-04-27,906716511,589084526,259909900,0,1418579745,144915034,0,285848152,50397643,156807445,0,0,0,134815818,99259261
2026-04-28,923759963,584745926,259903109,0,1368964088,141730137,0,287155478,50676241,156822765,0,0,0,133697157,99240654
2026-04-29,829093983,584657801,253606373,0,1318989898,142195165,0,291156113,49742283,156810560,39749478,0,0,133909400,99224421
2026-04-30,819085011,584483270,259496102,0,1269113805,143706721,0,246931643,49445840,156823402,39750621,0,0,135542227,99202998
2026-05-01,812335893,585188202,259393688,0,1234011559,143859490,0,249788923,47910012,156803899,39780103,0,0,137391129,99196585
2026-05-02,813455055,580893408,258749023,0,1234366217,158407844,0,250063495,47468608,156816411,39939960,0,0,138477132,99225099
2026-05-03,816107800,581037133,258754725,0,1234545043,167428161,0,250378240,47482911,156820032,39955928,0,0,138165300,99228713
2026-05-04,820418412,580933642,257362086,0,1234505764,167698117,0,250988067,47534010,156822788,40035987,0,0,139036793,99226647
2026-05-05,834722098,581200830,257118513,0,1184648237,167941199,0,255840133,47574862,156807355,40055801,0,0,139585377,98722042
2026-05-06,851640997,627320594,260572544,0,1134751820,168307740,0,263976718,47530501,156809196,40095546,0,0,139174090,98731482
2026-05-07,860331754,627303744,262987264,0,1134848683,170012946,5669028,252578028,47928441,156823325,40235565,0,0,139171948,98733345
2026-05-08,849852651,627025720,265145553,0,1134934611,170650133,5668035,250438870,48262769,156807137,40242995,0,0,139098488,98734220
2026-05-09,851364289,627083946,264604283,0,1135180847,170880590,152194160,249768914,48197136,156822517,40279328,0,0,140258309,98738805
2026-05-10,856796436,626838578,264815272,0,1135157326,171057317,152243136,250708399,48206422,156808339,90501617,0,0,139828115,98729269
2026-05-11,858759017,640388720,261686862,0,1135155790,172800408,152235488,256931728,48197354,156806648,90530569,0,0,139783659,98731065
2026-05-12,875777558,531324267,262731743,0,1137955339,173054572,155083273,258947672,48173942,156822685,90589457,0,0,139814302,98714450
2026-05-13,888997938,626733239,264081111,0,1113177947,174150921,153552446,264180981,49930889,156792176,90651042,0,0,139652924,99468216
2026-05-14,893579684,813465403,264094634,0,1112840284,173885154,155859072,270039901,50128696,156807597,90670145,0,0,139628321,99707450
2026-05-15,868702830,811594276,263844997,0,1088114344,174026082,156470021,277093374,50204861,156792159,90705431,0,0,139629351,99722067
2026-05-16,873178399,1076241039,265234005,0,1063405169,174266236,158760989,288524603,50243342,156811201,90869017,0,0,138658169,99696576
2026-05-17,871641330,1076097177,267376976,0,1063276126,175570009,158765850,289683493,50190708,156792905,90928080,0,0,134261755,99706608
2026-05-18,875782888,1076658504,267390587,0,1063542029,176597820,158881634,290611254,50189356,156792314,90784514,0,0,133535086,99696314
2026-05-19,894698342,1076471217,268365156,0,1038606952,177825101,158844343,290561617,50344689,156772451,90887554,0,0,131159870,99678632
2026-05-20,908619440,1076022615,271102122,0,1013722478,180684519,158918044,290798392,50376042,156792499,91215718,0,0,131076169,99657107
2026-05-21,833496320,1079872496,272155822,0,988688474,181204583,161784582,291289753,50364800,156792499,91370946,0,0,132593651,99652995
2026-05-22,815219957,1079692096,279365945,0,963910575,182081297,167777633,292911569,50441044,156780101,91505785,0,0,135290227,99658970
2026-05-23,830836472,1085046678,283269550,0,939142874,183016574,168411166,293198294,50475453,0,91746365,0,0,133867867,99632136
2026-05-24,833420588,1088276124,283909488,0,938986940,183260184,168931226,293202295,50557952,156791159,91748299,0,0,133891783,99621149
2026-05-25,837397776,1088169092,283909698,0,938941957,183714290,168959033,293369725,50529531,156791944,91775263,0,0,134527033,99629392
2026-05-26,836725373,1088239726,284020071,0,939431109,184318782,169200169,292783048,50497039,156776026,91807112,0,0,134333776,99659328
2026-05-27,722527504,1088333944,284934571,167592451,914259223,185261531,170740353,292678658,50595546,156776903,91969299,0,0,133435166,99612538
2026-05-28,732660852,1065971342,287780903,166723651,889380164,187138684,171484055,292666941,50615538,156775697,91989008,0,0,133523112,99596468
2026-05-29,737706631,1059730234,285460650,164461029,864323328,188378869,169689920,292740170,50621820,156761112,92298523,0,0,133232109,99614767
2026-05-30,769033150,1059523730,282065368,163836585,864520219,189097174,168980629,293028734,49850592,156778614,92390255,0,0,132922390,99629250
2026-05-31,771876733,1060087547,281540144,162819777,864451198,190088842,169645114,293135421,49906744,156776712,92407208,0,0,132722490,99602220
2026-06-01,767943393,1059488106,279204595,162695989,864359079,191412361,169661808,292983548,50112220,156760560,92433658,0,0,132564503,99603268
2026-06-02,736528821,1059628017,274419038,162163239,864780600,183481364,170979811,293134192,50355309,156775866,92483956,0,0,132226761,99611024
2026-06-03,750992678,1010333822,271675297,161598524,864868286,183632209,170370680,294426124,50671893,156793860,92542170,0,0,127042130,99608563
2026-06-04,750770120,1011506249,267717526,158705968,864936130,186360334,160439878,294675163,50640979,156790745,93078475,0,0,129884174,99612430
2026-06-05,736986958,1011407131,262536836,158282401,865105231,184508216,161604640,214682589,50867303,156777816,93121423,0,0,129303451,99645198
2026-06-06,758003745,1007631217,261616710,157799634,865167167,185575504,164654808,204407915,51975819,156791890,93155721,0,0,129577513,99718439
2026-06-07,758245815,1007643678,256839026,157859049,865221478,185670773,164673784,204543998,51947496,156791046,93368373,0,0,129275897,99698615
2026-06-08,749948337,1007971012,256489527,155713422,865290729,185439165,169218055,204361486,52043598,156792529,93408239,0,0,129754388,99698879
2026-06-09,724403666,1009127578,256541068,152638498,865283569,186393351,173698569,204421948,52791089,156776150,93418228,0,0,129966895,99706910
2026-06-10,715863956,987542327,256761327,152933884,865688787,186756327,176050322,201997557,51877112,156791353,93495152,0,0,128788407,99686211
2026-06-11,715027290,994067445,253664227,158045451,865689117,190395387,181587252,201790605,51900049,156806665,93533567,0,0,127007421,99658276
2026-06-12,710969370,1015690255,253912123,158198295,865679504,190933761,181876342,201183764,52065129,156791115,93608840,0,0,125726645,99649597
2026-06-13,753933591,915850298,255570884,159135744,865814893,192736928,182673190,201151291,52311747,156807028,93726208,0,0,125605556,99691454
2026-06-14,754431721,916275867,256262263,164323425,865849772,193547675,182711256,201210720,56927787,156793821,93800750,0,0,125580541,99705020
2026-06-15,758919725,916270954,255709828,168265402,865780165,194232983,182728906,201395661,57925262,156792158,93908058,0,0,125585511,99686979
2026-06-16,780326860,915663680,255745236,168343100,867238536,188352800,185223803,197889632,58510425,156789768,94517208,0,0,124015840,99693355
2026-06-17,837062596,915732148,262124584,169139417,867297002,188560012,193349311,196499489,60802580,156807365,94788308,0,0,123188888,99658129
2026-06-18,813950482,915854671,258021743,169438392,867603130,190471188,197655133,194829832,61121813,156792143,94887422,0,0,122061793,99663910
2026-06-19,848545165,916485558,258968817,169248634,868336800,190888132,193845549,191344149,61292826,156821815,94997353,0,0,117131252,99561416
2026-06-20,841128246,916742742,266562334,169067867,868526262,190958240,194948363,194208129,62468687,156792517,95000595,0,0,116684465,99655933
2026-06-21,840138543,916381697,272082546,168915779,868568169,193027498,194967296,192984614,62427048,156797945,96092174,0,0,116625509,99648029
2026-06-22,839937068,916535384,273998667,168646675,868565348,193359773,194993124,192900734,62488952,156792012,96193727,0,0,116403714,99637463
2026-06-23,837553004,916292283,276175370,168145740,869478189,196497798,195693866,192780272,62239781,156806516,96188588,0,0,116412357,99641624
2026-06-24,848152697,919852175,272888722,173785877,869592942,200986274,196699323,195804206,62337462,156807187,95999193,0,0,113341285,99633819
2026-06-25,749125472,919586405,272743669,175420893,869651764,203084921,202376900,195572823,71864558,156791712,98171657,0,0,114253135,99808333
2026-06-26,632831060,923585491,257770320,179235985,869551594,203221347,206831962,196871418,71868983,156775982,98260841,0,0,115214827,99805106
2026-06-27,618553040,735939377,255993255,180494144,869755519,203455778,209102205,195886683,72089283,156791489,98678466,0,0,114673310,99824029
2026-06-28,619008367,735810278,253465418,180470486,869708229,204487375,209130057,195913809,61646140,156791265,98771947,0,0,115426117,99815350
2026-06-29,619003195,735619161,251972393,180532168,869578517,204557112,210629424,195878283,61630578,156792950,98775176,0,0,115002600,99798186
2026-06-30,727489531,735770118,250571808,180144277,869877088,205711642,214173030,195868293,72183780,156790728,98665375,0,0,114864527,99820707
2026-07-01,732088136,735785898,246852095,178278557,869937991,205817662,218471872,196288746,73666417,156760680,98738121,0,0,114439956,99997506
2026-07-02,735515672,726888354,243659532,179996010,870078083,208415024,219895709,196576034,73515797,156792336,98971709,0,0,114652749,100045456
2026-07-03,723955799,726827781,244076746,183140563,870228737,211907935,222029681,196664452,75443207,156793847,99062516,0,0,114992129,100025161
2026-07-04,753946462,726975488,245327087,185505063,870752342,213219853,223253766,198321900,75502234,156822600,99168486,0,0,113821870,100057758
2026-07-05,754618160,726881369,246483371,186056483,870673036,215348685,224256726,198311390,62796661,156792116,99199611,0,0,113580827,100065680
2026-07-06,754532914,727153509,246193324,186838644,870540856,215987573,224263147,198210764,62909032,156791845,99241531,0,0,113458512,100056027
2026-07-07,776169048,727129456,248607277,192736417,870683214,217030826,227149453,196674701,76799851,156806720,99313563,0,0,113295336,100079338
2026-07-08,760725478,727131486,248774511,194711745,870756896,217230202,228089103,200085146,79547720,156791866,99275162,0,0,111228369,100080893
2026-07-09,725582772,726755426,248764816,195414568,870834635,217443363,228901426,201266315,80721005,156807239,99296749,0,0,109435549,100072493
2026-07-10,727699840,727039598,249412444,195885771,870869865,219291393,229320561,206145376,95310827,156791819,99368665,0,0,110335760,100068312
2026-07-11,683836169,727295293,248886863,195521363,871068844,220939786,232983489,189543296,100107840,156792373,99359356,0,0,110449385,100086949
2026-07-12,684771506,727564043,249701685,195935340,870972943,221754463,233009303,195681261,103387274,156807149,99378815,0,0,110383871,100084576
2026-07-13,685273684,727689744,249809257,195982830,870905759,223037310,234273908,195706700,99729239,156806920,101567291,0,0,110957175,100081993
2026-07-14,684563318,727228129,250543544,196018084,871248390,223629939,234586001,199735797,107723530,156793047,101748726,0,0,109372200,100026960
2026-07-15,684639182,727367062,250919803,195581052,868392174,224740731,235844535,203239446,108229103,156807621,107574986,0,0,110468689,100079225
2026-07-16,679908422,452240574,251085657,195400811,868483899,225099908,238713429,206297158,108362679,156805894,116361582,0,0,111310659,100086494
2026-07-17,679891723,452697648,250737756,195152797,869583512,229472289,236896506,206044648,112849660,156807911,118312788,0,0,110558571,100071340
2026-07-18,663891298,454073735,250836204,195879956,869721676,234377741,237980421,206337808,114363946,156823042,96596684,0,0,109197993,100105464
2026-07-19,666140935,454252439,251455228,195514836,869699743,234574849,238060658,206505887,115564979,156853298,101874540,0,0,110135297,100108702
2026-07-20,664136775,454280099,251491167,196333544,869707291,237150825,238090587,206509459,117536479,156822054,116087139,0,0,110021485,100091816
2026-07-21,673779825,354407032,252752300,198905497,869879240,238912820,238733539,158070720,130490385,156806862,160266382,0,0,110482765,100096951
2026-07-22,672575930,354627631,257149535,208798464,869997727,240386646,242607585,157832923,132632662,156821937,136273492,0,0,110571715,100104354
2026-07-23,699865688,355142902,255637064,210046630,870096693,245777138,242913483,158149829,126612727,156838311,125681633,0,0,110195553,100118629
2026-07-24,738105167,356144851,255914240,209847116,870080941,248851739,247291538,158206005,135099177,156822741,126417769,0,111427556,109933882,100095005
2026-07-25,728324142,356875001,255949159,211147054,870233367,248992542,247101447,157928055,132196574,156821777,127488532,0,111428533,109230046,100086359
2026-07-26,728324096,354326644,256772814,210798850,870171300,249437048,248415930,157939676,132153213,156807198,127786912,0,111460391,109287407,100081667
2026-07-27,728311851,354457663,256802059,211170549,870274417,250131636,248503057,158015054,132302081,156838508,127985173,0,111462392,109424283,100079977
2026-07-28,732458443,355852272,257601644,211150702,870409743,246156508,252216967,157414563,130282976,156806883,128183095,0,111518902,109480214,100077896
2026-07-29,741049532,355737428,257611444,211957090,870446627,246513664,247933534,157599254,129258648,156822655,128965891,0,111510679,110519256,100053033
2026-07-30,737851423,355503632,257642774,213653834,870489475,247285923,246778619,157479441,129926470,156792953,130191900,0,111533628,110567536,100045162
2026-07-31,738765490,355734644,260153082,215894215,870584998,247360200,246371218,159600066,126555995,156791048,130651930,0,111550186,111933893,100079135
2026-08-01,747068927,352623160,260244240,217195846,870956896,247555212,258283914,159630847,111341057,156807600,130714460,0,109887405,110919355,100070360
2026-08-02,748043673,353084210,260749803,218116203,870942453,248242749,258612932,161164469,111916752,156805035,130757638,0,109898571,110374406,100081586
2026-08-03,747780872,353181690,260784653,218834445,870818486,248661035,258631593,162280320,113221771,156806894,130731992,0,109908844,110116179,100059812
2026-08-04,764284390,352964434,260099771,219257197,871096151,249955371,260505713,177897576,113860678,156792566,130767884,0,109933091,110322472,100073474
2026-08-05,786819519,352975711,261031292,219288221,871226496,250175026,262382761,172702456,112276482,156807331,130814317,0,109952716,109723843,100088386
2026-08-06,754918995,352823516,261497133,216620085,871108386,250597319,263763125,173647922,114464674,157137741,130893667,0,109913716,109386715,100094016
2026-08-07,756646320,353143242,262374211,211946554,871237657,251585303,260601293,173917431,114259512,157284474,130943932,0,109934813,110026663,100100888
2026-08-08,803913644,352474667,262675627,210381759,871388510,251710522,261204454,174519002,114423920,157016272,130998000,0,109977062,112609396,100126176
2026-08-09,803683896,352413308,263380288,211083650,871284422,251789231,261540384,174458768,114703040,155092360,131029104,0,109983104,112579717,100110555
2026-08-10,804913565,352518504,264439947,211346538,871327241,252211429,261590149,174759529,115009032,154144065,131066831,0,110020966,112487155,100110788
2026-08-11,784914596,352351497,270147465,213606547,871595901,255004178,261679225,174735810,115987016,155744992,131100918,0,110016706,112595693,100089001
2026-08-12,786593275,352361092,271486761,214128350,871626383,256018482,262142870,174923139,117071137,154162433,131141882,0,110018304,112344889,100096491
2026-08-13,776912583,355880546,274988478,213344359,871674145,256229289,262877257,174921529,117844860,155338319,131084925,0,110031538,111913909,100088639
2026-08-14,776276108,357767090,282753082,212708565,871803275,258632616,263352508,174942695,117500135,154659663,131139019,0,110067445,111228515,100106342
2026-08-15,782659641,357750569,285475342,214476842,871942211,260852100,262843498,174949823,116017815,154709403,131191441,0,110090459,112745204,100106775
2026-08-16,782392596,357658581,286468634,215471172,871934249,261452735,263126392,174975122,116435566,154662778,131228454,0,110095044,112127150,100108102
2026-08-17,782238494,357711659,286962174,216663668,871846469,262311785,263151159,176073558,116483209,155047067,131270544,0,110114308,111962965,100109691
2026-08-18,773016655,357659870,288634054,216792647,872180454,267585749,263394955,176608575,114976045,155064118,131332626,0,110161671,111399367,100112426
2026-08-19,763999314,357679890,289132556,217508118,872370622,269475457,262740168,177065291,112283294,155081854,131382318,0,110185893,110740402,100132879
2026-08-20,739408755,357316315,291153470,217448044,872861102,272143243,265057296,177103718,110086164,155066192,131412807,0,110216487,113177386,100133805
2026-08-21,664389407,357685733,291964934,217389707,873052237,272754829,262371898,177108971,109559955,155080241,131471104,0,110266037,113994480,100153363
2026-08-22,639191892,287723300,305614483,220938774,873251271,273181742,263207248,172433737,107836565,155098691,131538503,0,110300674,113079475,100170045
2026-08-23,639375568,287779393,309759196,220796629,873255076,273589552,263255848,172517906,107794729,155101477,131570913,0,110313873,113546459,100171213
2026-08-24,639375656,287807760,313702279,221371124,873253251,275060888,263282551,172562852,108029745,155096362,131617411,0,106920604,113298715,100175014
2026-08-25,644485105,334714506,315169847,223319656,873538265,276237700,264187076,173648246,108642646,155103693,131763308,0,106921549,112602502,100177055
2026-08-26,644667447,484490650,320524172,225326792,873670423,277287545,265928945,174338805,108823785,155098545,131805421,0,106937227,110657366,100541800
2026-08-27,645395094,483509286,324736339,231247574,873611694,277863909,266227387,173730892,109086519,155112220,131857051,0,106984954,112028353,100549326
2026-08-28,635517702,483510318,335770333,233973741,873838887,283435988,266987812,225650467,109644404,155118005,131905660,0,107025136,113611907,100563156
2026-08-29,647243189,483399685,330324825,236657632,870699621,284605405,262912165,227481637,111190856,155112278,131939529,0,107004454,112705220,100547657
2026-08-30,647110523,483404721,329025326,236638633,870721571,284728440,262943025,227723376,111292550,155112743,131985618,0,107031863,112557728,100550571
2026-08-31,646124202,483374231,328108907,235934710,870578093,284881502,262942462,227888312,111372982,155099492,132083589,0,107045540,112174245,100530825
2026-09-01,642901543,483239359,328059274,240617890,870831144,287713025,258571485,228103707,112383356,155096349,132136498,0,107034118,108967477,100526674
2026-09-02,639901167,482802273,330311059,245540331,845721755,288013271,258412009,229063840,113599183,155083414,132189094,0,107057456,108671209,100513043
2026-09-03,646118937,482817516,331933034,247355449,820831659,288831779,258809012,230586383,114216725,155089845,132237987,0,107085933,108242802,100521724
2026-09-04,633182341,482673463,335377912,261271306,820477095,296746505,254465216,282205102,140913285,155108971,132302304,0,107136406,110422276,100550699
2026-09-05,594625835,482562880,342719103,279897528,799654341,298559490,258039117,281135068,143179187,155120312,132352432,0,107162691,111915255,100573822
2026-09-06,587411439,482499726,343571020,278231046,799648571,299195379,258059814,282977507,144700161,155112952,132395022,0,107157999,111945814,100557235
2026-09-07,587998312,482476716,344263802,279689267,799587749,299276573,258069215,283782283,144716193,155105130,132424247,0,107186565,112108890,100546548
2026-09-08,589497770,483154952,345352623,284386126,799564950,302800967,259163127,284866273,148508348,155101028,132473947,0,105162561,111724237,100534749
2026-09-09,617990390,483146273,345609603,288996412,774943099,304434127,260116233,287904318,150986494,155115170,132626764,0,105177271,108630309,100537374
2026-09-10,617261272,483157424,349314014,285019004,749904601,307230962,261870523,288939527,155248798,155096107,132622969,135767752,105172580,107600632,100524982
2026-09-11,612519309,483257513,351727775,291342462,750054999,309545676,262425017,290563924,157148939,155114314,132673006,135782395,105183139,106421632,100523885
2026-09-12,598010198,483783255,352197259,313956600,724969312,294839193,262802139,294240365,159230281,155097272,132711917,135790451,105242162,105392909,100534729
2026-09-13,598650483,483794796,352897587,315302233,724992022,295728153,262835346,295385938,160481689,155101030,132758573,135778021,105238004,104426413,100536803
2026-09-14,598240647,483617764,352877311,315483689,724950942,299580616,262962375,296179493,161039235,155089231,132789164,134574278,105228957,103815540,100519529
2026-09-15,549056873,482684283,355754999,320117309,700128460,299854318,263432673,311959607,160625896,155098851,132914351,134610583,105275849,103400222,100773446
2026-09-16,544820326,482621295,363654016,315866733,674925954,300664238,264045423,313226284,161269021,155073854,132890810,134555022,105269452,100913431,100731357
2026-09-17,528680587,482353842,368050663,324982458,649960084,302566353,264223593,311681791,163187037,155060528,132928316,134545823,105276134,100662730,100718559
2026-09-18,520483151,482717472,368586106,332738484,350057664,303065512,263598379,306512531,207087173,155061830,133165380,134454474,105292897,100341792,101031279
2026-09-19,545274688,482936558,369625346,351788016,350158358,304057226,265092098,307087850,207368955,155061367,133153444,134584255,105357810,101868217,101074465
2026-09-20,546910663,482875222,373852443,352690942,350140558,304133978,265098311,307473703,207976806,155065614,133258591,134578557,105354000,102492513,101068961
2026-09-21,547495460,482999965,374741187,354578790,350144052,304239549,265134465,308606622,207675104,155079024,133304353,134610626,105401024,102030900,101077856
2026-09-22,538316959,481986992,374633860,358434273,358917293,302628981,267287100,328583317,206980632,155096367,133260915,134585020,105421690,102384106,101083407
2026-09-23,543960720,475824848,380411318,369237975,333963747,302730590,267177149,329672905,208747801,155103674,133328496,134306787,105433205,102889167,101089662
2026-09-24,549695535,475770046,381671856,379611881,333994796,301152010,266185931,207011431,208111725,155095351,133364160,134317414,105442007,105847078,101089223
2026-09-25,546942032,475759146,382791950,382196576,333992712,299198430,266229642,208319890,218928078,155088429,134166419,133811019,105444860,105899436,101072348
2026-09-26,542546314,475790756,384994702,372863253,334050442,296555644,267213747,212213901,219950650,155102400,134219597,133818658,105483296,105685335,101086202
2026-09-27,544039632,490775151,388850898,372674627,334046719,296763222,267238602,214906425,220102225,155094336,134211243,133821065,105492594,105757577,101089084
2026-09-28,546503083,491817101,388880213,371991564,334021124,296600236,267247058,216871835,220700179,155089398,134446185,133792677,105508455,106214749,101081364
2026-09-29,578042814,492434004,390423530,380679219,333134886,294765420,267529149,237471166,222084731,155096591,133795347,133545770,105533955,104238424,101078304
